B cells,T cells,naive B cells,non-switched memory B cells,class-switched memory B cells,CD8 T cells,CD4 T cells,Th cells,Treg cells,naive Th cells,CM Th cells,EM Th cells,TEMRA Th cells,activated Treg cells,naive Treg cells,naive CD8 T cells,CM CD8 T cells,EM CD8 T cells,TEMRA CD8 T cells,platelets,CD56+ NKT,eosinophils,neutrophils,CD16+ NKT,basophils,CD56++ NK,CD16+CD56+ NK,CD14+ monocytes,CD14+CD16+ monocytes,CD16+ monocytes,pDC,mDC,target
137.02,186.82,118.75,2004.02,271.64,325.99,161.03,161.71,135.55,136.83,156.07,162.38,1825.83,135.55,0,221.09,106.26,393.05,1051.2,225.3,2204.89,438.83,377.91,344.73,315.78,156.55,1113.28,177.42,164.13,151.86,0,179.38,ASGPR1
183.4,158.07,177.28,195.28,192.45,162.61,152.55,153.19,146.16,149.4,155.56,152.42,150.51,151.33,128.86,147.53,157.03,174.92,169.09,103.79,170.01,441,4014.91,136.82,1166.94,0,234.65,217.31,202.04,141.18,288.93,133.06,CD10
299.13,221.45,181.34,261.53,378.08,237.62,166.7,170.65,139.22,128.16,139.06,198.25,219.78,146.96,124.81,136.93,157.38,240.91,250.79,118.21,433.01,5884.82,11925.32,136.83,1465.64,934.7,1571.41,9346.99,6421.09,510.22,178.67,248.32,CD11b
162.37,724.07,169.74,178.26,140.56,348.44,926.28,914.36,1032.45,180.06,1131.16,670.02,238.95,1092.34,209.6,151.26,596.97,386.41,169.28,106.32,471.64,1136.42,860.39,1457.78,1176.06,196.8,159.53,589.09,491.84,233.92,152.89,387.98,CD45RO
1350.51,1047.33,1363.97,1457.03,1255.97,866.12,1179.14,1188.23,1105.22,1041.8,1324.27,989.57,616.38,1138.67,1025.25,969.68,1170.37,822.52,668.01,873.43,918.38,2629.79,1158.96,1879.89,3084.34,1064.96,865.55,1755.3,1838.75,1390.98,1476.52,1234.1,CD47
158.57,151.49,142.74,140.3,168.87,140.25,159.61,157.27,184.08,246.51,114.75,182.18,189.61,156.54,184.08,147.93,154.99,135.03,138.72,102.54,117.62,514.56,242.77,111.56,150.91,0,129.59,182.28,202.26,166.13,142.78,153.35,ArHam IgG isotype control
24698.95,7480.42,14956.26,31510.49,39731.22,5946.54,8669.49,8399.13,10578.69,4624.64,10130.84,9956.47,5081.67,12050.85,6151.88,4701.52,9535.68,7357.92,4692.93,3084.06,7353.29,3244.46,1447.52,8288.05,7793.33,1567.96,1922.17,11325.93,13401.94,4645.87,1416.56,7643.64,B2-microglobulin
153.29,142.35,156.51,142.14,138.65,99.32,193.65,193.65,0,0,968.19,0,0,0,0,92.54,0,106.1,0,95.29,127.03,424.86,235.93,120.83,0,156.65,0,179.49,170.11,164.56,182.22,151.19,B7-H4
152.04,151.21,144.79,136.97,152.72,156.09,147.39,148.46,140.63,152.79,143,148.89,166.98,146.08,137.22,150.69,157.71,159.46,152.19,124.11,180.89,605.68,536.81,175.58,233.26,248.06,151.32,321.87,363.02,240.43,159.33,253.13,BLTR-1
126.81,123.96,120.23,130.5,169.84,123.14,123.74,123.86,120.09,118.13,122.53,129.07,144.57,115.23,122.17,115.71,116.82,130.77,125.03,99.91,150.92,2995.46,457.42,132.3,329.65,164.11,119.33,471.75,755.32,368.5,152.4,179.2,C3aR
128.27,120.87,124.27,139.42,172.64,118.49,121.23,120.84,122.32,111.15,120.35,136.03,220.55,121.75,213.05,112.8,130.66,125.95,132.42,139.81,185.8,749,419.29,178.83,219.2,267.58,171.73,327.85,328.09,269.04,254.13,312.44,C5L2
158.04,193.73,155.97,167.32,153.51,161.97,225.15,201.9,577.65,142.76,217.34,797.96,697.93,903.36,150.39,159.34,167.75,207.89,154.32,107.85,458.36,755.71,439.35,209.47,133.2,187.03,126.84,224.8,323.47,174.61,205.1,215.84,CCR10
162.77,152.03,130.58,193.72,162.77,151.05,152.03,155.13,142.66,140.39,179.15,144.87,198.3,142.66,0,138.62,150.11,145.26,163.36,122.63,278.12,560.27,348.42,228.88,154.14,178.26,718.99,268.05,337.14,213.4,453.24,237,CCRL2
220.94,533.28,217.33,197.14,233.7,537.8,526.69,556.41,280.65,631.06,550.13,491.68,453.9,277.56,295.21,695.09,655.75,453.36,455.14,197.48,491.94,1018.49,721.79,674.13,390.94,509.17,404.58,463.41,483.66,279.36,194.82,182.42,CD100
162.2,268.72,184.32,162.2,163.26,287.8,222.59,202.47,341.04,165.27,220.73,236.71,197.43,352.62,209.04,239.67,336.36,342.56,256.72,138.71,283.06,1387.43,862.08,232.35,215.9,134.16,180.62,545.86,643.97,532.01,0,1575.88,CD101
444.41,284.46,437.67,405,493.43,287.47,282,282.9,274.59,211.82,285.36,330.57,312.75,285.01,239.12,231.56,285.01,299.44,304.94,479.42,351.82,710.06,281.87,293.56,452.18,305.38,387.26,1085.11,1051.8,794.7,420.12,794.83,CD102
284.94,1261.21,254.52,233.87,359.85,1907.19,502.07,583.47,391.48,152.89,494.73,1271.98,231.92,392.06,316.21,271.89,2095.92,2034.37,754.82,101.53,171.69,425.73,237.88,219.23,123.51,119.51,111.93,194.85,174.36,154.63,173.39,247.23,CD103
189.52,573.68,2345.31,138.12,189.52,225.34,585.27,610.79,138.45,610.79,880.46,605.77,334.31,138.45,0,143.25,1394.85,365.97,225.34,98.75,121.21,440.89,280.51,125.62,140.14,151.62,117.49,184.61,239.71,165.16,0,154.27,CD104
119.85,163.64,119.62,211.93,125.46,154.82,221.88,200.87,538.13,797.48,118.73,200.87,186.43,538.13,964.69,674.29,110.62,147.4,180.75,102.63,156.86,441.76,242.73,134.57,0,0,133.74,248.48,256.93,193.89,134.16,218.69,CD105
216.53,213.73,254.34,194.83,216.53,230.58,412.32,412.32,217.03,1118.76,242.2,755.9,133.76,217.03,2637.47,2397.23,1501.56,178.68,269.86,160.46,144.93,636.48,312.11,198.42,180.24,136.87,292.94,206.23,200,152.64,0,163.49,CD106
168.63,138.97,135.98,157.12,187.55,136.73,139.39,139.4,138.4,137.3,140.86,134.96,139.83,138.5,102.93,131.36,138.2,137.24,133.75,164.72,132.35,536.88,295.21,148.28,138.22,134.72,124.1,155.67,159.67,149.52,112.43,159.61,CD107a
139.98,133.93,130.91,153.87,154.93,134.57,132.81,133.75,128.68,120.11,131.97,139.29,143.23,129.17,122.59,129.16,138.13,138.64,136,128.62,132.08,571.19,292.88,129.14,827.08,114.22,123.51,233.24,214.3,174.39,143.82,193.33,CD107b
158.85,143.67,153.01,149.7,162.51,143.61,139.99,140.47,130.71,567.11,140.5,128.66,142.79,134.61,101.51,168.69,144.5,137.47,156,109.59,142.86,543.35,240.22,140.36,520.95,227.52,146.37,158.61,183.59,154.09,369.66,158.23,CD108
193.87,175.68,0,547.07,124.51,167.13,181,211.02,124.05,221.17,201.56,171.05,237.83,120.93,127.17,294.07,148.16,171.5,162.77,98.58,191.71,459.48,326.51,188.93,122.63,128.81,124.03,281.75,256.55,190.95,208.34,310.22,CD109
122.38,129.04,118.08,124.5,150.26,120.87,130.32,130.49,127.05,119.27,134.27,127.37,132.15,129.75,113.44,118.36,126.59,125.69,125.99,227.62,179.01,625.14,277.94,132.14,118.35,123.95,152.51,191.1,211.81,165.2,157.86,146.99,CD110
213.48,165.45,213.48,254.35,162.76,147.27,182.2,182.2,123.57,190.75,209.07,174.24,168.52,1066.14,118.92,116.81,0,147.66,151.47,106.06,153.54,457.45,281.44,144.61,165.68,130.75,280.09,229.4,254.25,164.47,164.72,152.76,CD111
217.08,161.39,186.24,223.77,274.47,208.24,153.22,153.22,275.98,92.26,167.14,128.04,204.02,275.98,0,231.55,154.02,216.04,341.76,103.71,171.69,581.71,259.9,215.8,124.24,138.69,150.38,200.13,227.73,185.86,0,141.63,CD112
208.54,134.65,809.91,209.74,172.37,132.62,132.56,121.85,215.44,111.08,115.73,124.43,145.03,215.44,0,134.65,142.97,138.04,129.48,100.25,124.76,446.85,453.85,145.32,402.42,0,214.52,229.53,174.76,152.71,0,148.82,CD114
147.88,199.44,150.41,146.63,133.07,220.52,191.31,189.56,220.42,181,194.93,158.16,360.95,196.86,254.32,263.67,183.52,157.95,143.68,102.22,176.55,618.38,371.16,423.38,252.03,128.04,127.04,535.23,1246.6,977.26,128.23,379.42,CD115
209.96,154.24,450.52,271.36,159.89,145.99,171.57,174.02,129.82,141.87,143.95,149.5,304.63,143.98,113.71,149.61,145.99,138.93,149.94,100.39,1432.37,597.65,561.34,295.41,139.36,160.02,298.18,2274.06,2202.52,536.36,848.65,2236.28,CD116
355.08,154.05,410.67,240.66,357.91,147.9,154.75,156.07,132.92,204.82,153.23,140.64,154.45,132.92,146.71,138.52,165.46,145.83,191.18,96.15,138.4,432.48,263.24,219.08,200.43,182.04,205.29,174.02,176.43,175.62,2197.47,351.66,CD117
202.41,163.41,211.73,223.41,187.47,172.02,149.08,151.59,128.72,120.34,143.6,174.1,169.8,131.08,122.44,129.12,149.73,181.17,177.49,119.63,176.89,579.35,523.19,128.22,159.85,214.44,199.94,710.03,700.68,438.97,394.57,565.41,CD119
1383.69,3732.58,1365.26,1275.93,1520.99,4040.99,3520.61,3618.85,2887.36,2466.69,4010.31,3663.78,4670.06,3052.55,2280.76,2259.03,3783.39,4368.2,5420.19,130.96,11465.86,6973.19,3161.22,5408.46,1330.89,5999.14,10557.86,12249.84,12814.96,11949.86,4937.29,12545.4,CD11a
155.7,148.46,151.24,161.16,159.77,145.5,144.05,142.88,147.66,141.05,142.32,155.13,141.03,137.75,185.52,138.68,144.84,143.59,148.88,93.42,144.23,878.09,1523.94,141.4,182.06,137.86,230.21,1434.66,912.16,232.05,0,185.12,CD11b activated
318.27,149.57,279.32,692.88,5599.41,174.58,111.15,111.15,0,111.15,149.57,0,106.48,0,0,153.44,168.83,245.94,174.58,99.94,0,1046.22,312.76,198.82,140.91,0,115.37,215.98,194.22,162.01,0,169.56,CD120a
173.46,156.19,142.98,602.79,198.56,162.49,149.47,144.71,165.26,126.74,136.28,149.83,161.4,172.43,137.34,120.9,136.72,159.05,164.49,107.16,162.32,539.13,722.35,153.48,244.53,136.76,137.68,319.85,569.59,1458.1,118.81,192.39,CD120b
334.04,196.98,0,544.34,0,206.32,187.65,187.65,105.56,296.85,0,143.93,1407.34,105.56,0,293.72,0,121.33,0,7081.24,326,876.1,277.52,261.75,664.4,0,175.05,166.07,165.23,132.65,0,141.68,CD121a
197.81,144.43,162.06,335.93,180.8,146.38,133.76,135.4,127.76,149.2,143.4,133,133.53,128.59,109.99,154.99,145.06,141.07,149.14,126.65,182,469.75,240.67,140.77,215.15,405.04,261.68,181.41,228.97,181.85,222.33,235.54,CD122
212.74,136.59,212.03,234.09,215.25,151.9,136.32,136.32,159.43,126.84,140.19,136.04,180.09,120.9,341.29,118.63,0,162.99,113.64,96.05,228.13,444.11,245.99,100.67,0,117.34,0,177.88,215.81,152.39,317.2,145.92,CD124
203.31,151.26,176.6,257.48,250.15,149.9,153.55,153.41,137.79,307.82,198.3,128.68,141.16,138.37,140.48,193.57,109.62,141.75,149.9,96.41,250.71,579.63,269.86,102,178.6,110.7,233.12,186.68,238.58,193.98,0,143.69,CD125
178.22,152.39,124.06,189.34,179.57,130.88,154.56,155.26,149.46,132.75,167.9,145.81,155.41,152.26,127.23,123.26,140.49,132.77,121.24,97.94,176.54,531.98,523.25,174.57,150.06,145.28,269.23,414.19,446.22,176.53,130.28,401.94,CD126
130.49,143.69,130.51,132.39,131.02,145.54,142.64,143.7,133.87,133.53,148.84,131.49,135.06,132.24,140.07,154.77,150.84,132.11,128.81,105.79,146.24,814.43,438.06,183.14,143.77,131.6,127.3,212.51,240.27,227.31,161.62,166.51,CD129
156.39,222.43,866.54,353.06,138.28,193.01,234.28,238.46,200.99,336.21,200.35,154.47,153.77,161.27,271.54,206.73,151.66,140.27,136.03,184.25,224.99,463.37,249.43,270.31,0,123.94,118.52,314.29,243.98,160.83,178.61,170.96,CD130
154.83,131.28,124.44,156.04,156.24,149.58,128.56,131.85,124.72,121.52,119.39,137.26,164.4,124.96,122.85,183.12,142.41,155.51,135.8,97.08,158.03,1157.46,1019.11,139.39,2528.42,298.56,399.68,245.22,236.23,192.84,854.29,206.77,CD131
194.65,145.31,210.41,209.51,165.79,145.39,145.14,144.82,147.51,129.16,150.63,141.62,153.38,148.26,130.18,128.97,156.93,150.82,146.27,99.94,137.79,451.41,273.41,137.14,0,137.36,142.7,234.85,262,163.87,235.52,153.15,CD132
187.03,164.48,194.53,1018.21,139.1,166.04,164.87,165.36,169.78,168.13,168.66,162.46,146.92,169.78,0,139.71,210.02,184.75,163.41,100.49,173.77,481.38,249.42,161.25,120.04,130.23,125.24,206.24,249.18,182.2,128.09,161.35,CD134
166.93,173.12,417.42,1734.49,150.44,144.56,201.84,210.81,147.48,787.81,146.93,169.3,249.3,147.48,0,176.06,129.19,183.2,134.59,96.56,260.55,484.49,252.39,132.62,152.71,117.72,138.66,190.08,186.18,162.85,233.26,287.79,CD135
141.51,161.22,141.1,138.88,141.37,171.83,156.88,155.45,168.03,145.41,161.28,159.86,172.43,167.92,170.36,187.87,159.79,141.67,131.94,129.13,189.03,892.18,549.53,242.88,124.14,137.93,123.7,294.18,307.87,212.9,221.9,176.1,CD137L
199.38,167.34,273.51,463.92,109.59,160.3,180.55,263.76,149.19,294.5,202.65,236.02,381.38,147.9,0,0,0,160.3,157.41,95.74,119.71,456.13,292.95,113.85,0,0,127.59,177.66,159.75,144.49,0,163.99,CD137
253.07,191.19,198.34,126.91,315.19,253.84,124.2,127.6,124.2,0,127.6,631.35,112.26,124.2,0,0,197.7,917.54,136.33,5198.99,0,1427.79,682.93,112.8,96.91,295.73,206.31,160.95,202.56,146.82,0,139.72,CD138
161.61,154.49,152.85,164.75,192.24,156.27,151.83,151.28,153.36,146.16,152.94,154.88,181.19,153.67,153.11,143.66,156.45,172.04,170.61,125.44,190.77,1479.25,4861.45,125.98,806.06,146.18,120.54,4928.28,5677.85,3007.65,166.55,2608.14,CD13
270.76,160.17,0,232.39,0,160.17,149.99,149.99,0,109.34,0,190.65,0,0,0,144.65,202.22,173.14,0,637.41,139,867.14,292.36,203.54,500.33,0,199.81,154.16,168.26,138.46,0,166.85,CD140a
168.64,163.94,152.93,208.83,177.94,157.6,173.66,174.9,124.88,141.68,212.55,151.41,283.14,124.88,0,185.52,173.45,140.02,155.97,103.03,183.9,528.35,252.12,131.24,135.93,243.04,169.4,206.41,243.87,181.41,111.4,226.62,CD140b
147.6,166.63,170.08,127.29,133.79,149.4,162.05,201.93,137.62,175.7,203.51,125.67,389.62,129.64,0,129.03,0,160.26,144.4,105.16,289.96,420.89,333.57,306.35,157.87,140.81,167.22,479.64,1083.07,1103.82,572.3,1268.57,CD141
182.57,173.52,241.3,142.66,116.04,193.73,175.05,175.05,192.7,196.79,0,0,0,0,192.7,0,0,193.73,0,90.2,395.3,849.17,289.02,126.5,0,0,247.45,192.55,176.69,161.97,108.46,165.51,CD142
128.8,161.47,143.1,161.8,128.2,161.82,160.68,160.74,154.89,130.64,162.43,154.35,178.2,154.89,507.19,174.67,166.74,152.25,174.56,98.16,160.97,510.78,267.13,145.44,0,178.68,125.76,193.33,206.62,159.6,0,179.22,CD143
136.49,137.82,0,0,136.49,155.96,158.84,158.84,0,0,124.58,193.1,0,0,0,0,174.1,137.82,0,777.58,489.88,575.94,289.93,162.46,0,0,0,157.63,0,146.68,173.59,183.54,CD144
199.57,242.26,655.05,153.03,195.89,211.79,246.25,230.84,287,204.32,228.75,222.06,341.82,291.58,185.43,159.05,408.32,211.79,346.53,11680.07,327.86,589.77,395.52,239.7,0,123.93,0,156.61,160.76,149.49,206.07,0,CD146
866.39,620.51,770.03,897.06,1118.37,573.78,679.82,654.04,1017.69,473.98,748.26,691.63,698.49,1167.33,494.9,473.37,641.22,602.71,607.39,658.73,971.33,3160.75,2702.85,992.47,4989.04,1064.43,1286.49,6197.48,7112.4,5296.44,2083.57,5432.09,CD147
721.82,211.96,539.85,1277.14,681,230.91,195.4,190.6,235.84,165.06,188.2,221.66,230.03,257.56,168.73,162.95,223.94,265.33,236.09,1169.59,249.1,1106.37,4223.68,207.73,166.2,392.63,271.39,3963.33,4629.41,3946.21,1689.69,1828.71,CD148
163.7,206.72,157.94,156.8,196.34,196.64,211.18,209.38,228.32,139.48,214.37,225.64,216.4,230.83,137.66,167.3,193.65,204.28,175.14,99.04,266.92,454.21,252.41,216.27,145.72,118.13,152.1,174.29,263.4,172.49,152.36,162.18,CD150
153.81,168.32,143.7,184.16,161.84,173.83,157.41,159.55,125.96,143.7,148.73,157.46,186.48,123.04,291.01,135,136.78,172.65,181.34,827.24,208.89,704.73,302.41,177,615.85,181.34,183.24,802,776.37,352.58,457.31,306.74,CD151
186.51,154.99,159.61,231.41,259.65,158.95,158.62,161.42,136.38,170.93,159.52,159.87,136.73,141.42,134.39,150.52,130.59,200.33,163.52,106.8,211.34,597.81,269.4,144.23,129.29,279.25,193.78,236.97,272.54,194.66,408.49,313.82,CD152
252.35,146.07,181.1,507.89,205.29,292.46,136.9,136.65,156.56,137.09,130.92,135.47,305.12,157.51,123.81,309.22,0,216.61,1040.11,132.44,144.54,543.41,279.06,122.03,0,123.09,0,166.2,185.51,152.49,0,145.29,CD154
319.6,168.05,373.76,264.27,996.76,140.03,187.35,189.19,413.08,417.45,142.99,190.66,185.29,0,413.08,761.71,126.67,138.78,179.67,106.16,346.33,437.15,262.94,190.88,142.47,111.11,132.14,518.73,446.63,259.75,180.88,257.22,CD155
1627.1,2196.08,1600.18,1732.61,1597.96,2549.61,1948.72,1917.18,2174.29,1984.15,1722.63,2207.91,3554.19,2191.63,2131.75,1948.32,1791.48,2863.68,3307.89,2266.16,4197.5,5972.32,3232.7,2021.92,1755.51,4716.13,6267.99,12558.19,10238.9,9523.88,1894.55,4965.33,CD156c
167.82,168.11,163.3,203.12,167.43,171.19,166.67,165.98,175.16,165.08,161.46,163.38,199.71,179.81,182.28,164.95,180,169.2,185.23,138.19,140.83,548.35,2580.19,157.2,817.04,156.28,192.26,4429.93,3448.61,633.03,346.55,851.59,CD157
175.6,262.57,171.07,326.43,140.23,355.52,140.05,140.7,138.83,143.42,134.3,141.42,162.94,138.83,143.93,162.66,187.1,490.22,402.53,103.89,211.43,459.64,258.9,135.23,123.17,2758.99,2798.28,179.06,164.77,172.41,147.81,141.7,CD158a-h
647.7,222.03,1452.91,135.52,0,263.85,133.72,128.87,133.72,104.92,115.46,0,180.17,133.72,0,750.7,0,222.03,293.5,12982.42,149.83,683.98,200.25,109.97,111.66,139.43,324.93,136.74,0,148.96,0,153.84,CD158a
167.66,268.07,133.45,2393.14,167.98,269.26,211.59,195.03,225.53,250.5,141.18,355.11,240.56,228.76,134.03,268.07,413.25,254.11,272.45,102.32,350.91,464.13,240.8,294.93,0,372.5,1337.62,174.45,185.49,223.6,155.26,171.66,CD158b-j
155.38,366.86,183.45,230.86,146.75,428.76,188.41,179.62,464.33,180.67,163.09,151.82,298.66,496.52,118.22,134.02,469.03,281.98,536.22,131.36,1623.11,416.93,440.37,957.76,171,2557.41,4260.47,171.67,182.1,3877.46,0,170.28,CD158b
240.78,188.64,281.54,272.68,209.88,210.94,165.49,169.07,142.91,147.78,130.04,191.68,206.07,133.07,206.55,350.05,212,202.75,295.05,102.87,279.83,523.88,263.31,163.77,0,114.94,222.93,221.71,216.6,201.8,0,224.99,CD158d
155.58,1115.06,155.58,152.3,155.39,1097.17,350.55,508.14,209.8,186.47,504.17,1111.68,1285.38,209.8,0,1008.36,317.97,786.82,1348.86,7859.04,1353.06,1048.71,286.58,1367.2,0,1908.41,3313.26,156.66,163.45,722.99,125.3,336.85,CD158e1
190.38,165.2,124.62,205.6,193.49,160.08,175.99,157.61,222.94,0,119.95,123.88,170.6,219.31,226.56,0,148.48,167.44,161.47,102.46,206.06,469.17,253.22,163.44,0,0,0,195.07,227.19,174.54,0,144.55,CD158f
191.59,180.87,187.29,245.25,172.84,180.47,179.59,184.34,161.2,183.98,190.91,180.82,190.15,162.79,158.75,171.98,194.94,184.61,182.66,118.05,183.42,684.84,3048.56,128.56,4960.27,0,366.22,179.1,0,151.26,0,167.17,CD15
263.56,139.7,140.45,173.02,253.78,142.95,134.54,131.06,123.43,127.58,128.42,133.5,364.68,122.95,137.2,131.54,150.5,143.08,179.47,100.76,166.89,493.02,261.91,270.73,1466.65,217.98,2281.72,202.28,1862.24,3561.17,0,490.43,CD16 - B731
149.44,168.63,148.83,222.96,148.27,170.84,160.54,144.48,164.65,118.68,160.54,133.83,125.96,164.65,0,146.63,132.78,165.32,180.26,103.45,164.42,582.22,289.87,148.05,231.27,208.92,185.37,225.46,268.66,172.8,0,140.03,CD160
207.54,201.51,124.25,1238.13,512.62,208.98,195.28,195.61,197.01,156.27,201.54,187.52,161.77,198.77,209.2,257.81,154.03,223.43,191.6,92.68,208.27,425.28,243.83,208.65,227.05,249.45,220.38,205.56,218.27,176.81,136.72,180.6,CD161
288.61,2942.03,307.54,240.59,262.95,4232.3,2424.44,2339.11,3371.21,2320.23,2322.99,2110.95,5849.41,3447.16,3177.77,2631.27,3365.41,4177.82,6843.73,138.36,11222.94,17842.22,7310.34,3829.06,15456.53,7023,10012.07,8224.77,7528.63,7201.1,45906.79,11194.69,CD162
142.49,140.52,0,154.87,116.16,132.75,176.12,176.12,0,0,212.93,132.63,0,0,0,132.75,0,124.87,0,1082.12,615.49,1113.04,633.98,0,729.71,139.21,103.69,470.06,318.49,221.25,0,457.83,CD163
222.1,148.62,212.31,222.43,240.42,148.38,149.66,145.14,162.77,126.43,147.2,149.03,117.84,169.16,150.76,143.35,167.39,140.67,155.65,151.85,181.6,406.43,267.7,146.84,186.44,127.91,120.53,182.08,157.44,170.12,190.24,149.24,CD164
383.13,185.27,311.17,507.19,421.23,194.38,175.62,176.8,159.09,157.05,178.51,190.99,196,158.77,157.22,166.97,181.67,199.3,210.44,565.76,182.36,629.9,301.73,162.24,209.79,384.58,178.95,388.28,422.1,264.27,418.6,228.79,CD165
159.3,169.55,136.65,185.67,173.52,169.55,141.22,176.15,114.73,0,206.08,112.86,377.76,114.73,0,108.25,169.55,221.52,285.88,114.63,244.06,413.9,255.82,153.28,126.68,111.14,95.3,237.4,181.55,169.92,368.97,874.24,CD166
194.83,157.35,179.55,194.83,0,157.35,158.96,158.96,200.95,343.27,151.16,145.18,170.66,200.95,0,128.2,243.38,170.37,157.35,99.25,195.53,1215.19,290.87,0,0,124.84,177.07,335.61,255.63,165.44,766.66,285.69,CD169
224.74,394.32,232.47,247.35,200.23,423.73,373.57,374.6,369.43,382.31,378.24,290,186.88,317.59,429.48,513.15,358.48,239.01,202.64,107.13,254.02,454.85,424.04,129.29,102.92,126.64,142.41,165.52,210.92,148.2,1190.76,151.43,CD16b
599.02,144.17,576.34,813.44,534.98,146.93,142.52,144.53,138.46,148.7,136.69,145.58,223.18,137.09,139.94,126.73,157.82,161.32,166.95,100.91,160.08,466.31,3655.33,132.54,229.47,210.68,3048.66,1286.19,1195.79,270.26,531.62,886.6,CD170
202.07,168.1,162.29,214,245.67,147.79,177.65,173.15,197.11,157.29,162.76,189.55,134.35,198.95,139.81,121.17,144.36,156.46,149.41,104.7,135.88,436.93,232.93,128.57,123.17,114.61,138.37,175.35,185.35,146.9,281.83,205.31,CD171
197.16,152.88,181.13,213.57,203.56,153.19,152.56,152.18,160.26,143.96,153.07,159.34,175.76,159.68,163.26,141.56,154.83,160.96,163.87,113.8,143.34,4878.18,3952.18,140.3,494.71,9497.8,139.18,6890.77,5911.1,1278.67,1200.91,3453.23,CD172a
150.01,128.95,377.79,127.06,158,118.24,141.7,145.87,102.64,124.65,192.74,140.34,200.44,102.64,0,117.18,124.01,123.25,122.31,126.76,375.51,569.59,432.88,179.43,176.85,114.78,293.5,445.88,410.14,259.26,169.16,225.94,CD172b
150.68,791.85,128.42,163.17,148.59,721.63,830.04,843.28,757.91,975.81,914.66,462.95,288.49,756.52,785.2,1016.87,825.02,536.78,417.23,100.49,695.77,469.73,275.11,1162.58,0,303.47,188.72,200.73,264.11,198.13,214.81,165,CD172g
241.69,327.04,240,207.2,284.27,334,324.12,321.22,341.99,327.2,328.81,278.14,215.3,323.01,365.74,395.07,300.31,253.06,239.39,162.28,184.58,555.56,14499.6,412.55,523.69,171.83,274.46,220.49,450.84,301.41,301.31,173.76,CD177
228.13,202.19,210.44,136.21,228.13,133.88,277.75,277.75,103.05,711.06,398.39,141.38,169.02,103.05,0,116.01,0,152.4,0,97.41,289.45,468.67,251.79,136.57,0,104.21,0,191.1,243.65,189.7,0,181.52,CD178
1765.03,156.74,2412.89,1157.64,1346.76,156.52,157.9,159.91,143.78,161.81,165.53,140.11,141.71,141.85,150.47,177.82,153.89,143.25,150.48,105.01,177.51,797.5,379.66,294.09,134.31,137.78,185.04,644.02,703.85,265.13,248.86,500.46,CD180
162.14,149.47,176.71,194.63,154.38,151.59,142.01,142.02,135.49,134.31,136.51,157.97,155.05,142.04,124.36,133.98,134.65,151.92,152.33,96.64,159.89,461.61,1010.86,131.11,261.8,138.87,197.34,226.67,207.86,168.5,160.68,157.97,CD181
149.07,156.92,147.94,157.25,138.5,161.2,150.03,150.03,150.24,135.62,155.47,151.08,157.34,152.99,150.24,146.29,162.94,159.87,167.27,101.93,164.23,478.69,2619.03,162.98,178.98,137.49,211.15,316.58,220.69,164.12,543.28,228.69,CD182
286.77,325.31,196.11,283.66,319.08,269.58,386.8,390.73,298.34,399.48,561.54,297.9,237.55,331.33,256.77,246.44,652.38,264.19,228.99,119.82,287.53,505.45,243.43,570.81,358.71,528.45,195.51,200.69,267.12,191.36,447.13,436.92,CD183
407.02,190.22,537.05,364.89,229.59,193.84,187.32,188.48,170.16,231.09,179.14,152.12,158.72,151.03,217.54,254.84,186.11,164.39,167.72,216.25,261.45,516.09,263.66,374.05,414.61,204.56,205.08,258.12,231.72,202.62,701.19,323.37,CD184
2629.42,554.91,3101.98,2293.09,2236.77,228.5,594.76,644.83,307.53,299.13,704.63,235.09,155.07,341.21,275.2,130.13,481.9,251.48,204.51,98.4,346.94,436.19,252.17,614.24,185.66,120.13,182.08,178.69,189.94,160.87,144.73,175.81,CD185
134.75,162.48,0,132.85,0,161.09,162.48,159.06,176.11,0,157.08,156.11,0,176.11,0,0,190.68,161.09,159.57,98.41,191.28,427.84,254.62,163.83,0,167.17,148.98,190.47,247.59,183.07,138.24,155.72,CD186
796.6,932.25,600.17,762.18,1096.17,1046.51,859.27,871.11,748.85,607.46,952.03,1024.17,1237.49,795.72,555.52,555.3,881.68,1248.27,1452.11,124.2,2345.49,4207.57,6037.32,1271.8,1753.34,1057.1,2966.08,8080.6,7083.14,3829.93,2884.34,3113.32,CD18
158.03,191.24,127.03,147.78,195.22,192.82,143.29,147.49,133.53,155.57,138.09,126.79,235.24,132.01,148.45,131.22,168.16,204.95,183.1,100.14,199.66,437.53,484.86,134.85,320.33,568.16,312.4,3100.05,1693.98,266.61,1187.84,262.16,CD191
367.1,560.56,169.44,384.24,465.25,432.7,629.04,632.92,559.42,143.14,627.53,731.97,268.61,581.08,124.22,145.08,338.34,553.36,302.62,115.62,725.39,498.13,262.8,409.27,4345.78,249.64,297.41,7015.67,2449.89,288.44,5334.15,3858.24,CD192
188.11,196.66,127.13,201.13,205.8,199.35,194.57,192.95,204.33,181.13,200.36,206.1,264.72,210.26,186.44,195.99,200.79,215.79,203.1,106.5,266.29,2937.82,305.67,145.69,1553.51,242.07,149.68,187.82,212.33,217.07,195.52,169.99,CD193
198.29,239.07,327.06,415.21,173.37,233.51,239.89,232.9,270.53,178.03,232.42,241.08,206.43,274.3,164.84,200.23,257.49,213.65,233.51,124.37,250.88,436.99,271.47,248.32,169.85,112.47,0,168.77,183.14,158.43,125.51,150.43,CD194
334.75,169.55,476.14,136.39,252,165.43,157.84,156.22,141.99,124.2,163.7,182.73,143.23,137.46,312.23,132.23,191.88,180.9,130.76,153.89,213.63,768.73,494.85,233.45,210.38,133.78,198.47,361.06,442.29,285.73,262.3,349.78,CD195
518.54,237.14,545.33,471.4,515.71,199.31,242.19,249.03,198.49,163.74,258.56,225.66,171.44,201.85,126.19,117.53,199.56,221.85,205.53,131.08,331.05,567.95,406.68,241.43,215.62,158.89,534.51,297.58,269.57,368.91,335.19,224,CD196
131.67,147.33,131.84,130.94,131.52,152.77,144.56,143.04,154.04,128.08,146.52,162.36,161.71,156.75,144.32,156.1,145.43,154.08,136.79,103.83,164.35,798.39,458.37,197.15,122.07,247.78,126.71,228.64,327.52,178,150.04,271.77,CD198
160.78,126.67,150.54,188.53,167.88,129.71,122.41,122.27,125.2,121.82,120.61,155.3,174.45,129.69,113.2,121.37,130.83,141.93,146.4,104.12,161.73,581.24,259.08,116.36,135.63,213.07,159.74,200.43,261.1,172.28,160.51,237.01,CD199
149.39,226.99,137.67,197.86,246.29,0,422.84,422.84,0,122.45,504.02,0,0,0,0,0,0,0,0,390.94,148.24,1077.11,236.29,194.27,0,115.05,0,142.37,159.19,141.14,0,152.54,CD1a
212.35,189.11,134.93,272.95,269.07,208.79,178.86,183.93,173.78,1381.04,158.75,0,0,154.47,748.62,135,239.53,0,208.79,98.25,132.13,498.32,264.08,144.73,0,0,544.89,219.66,219.22,156.76,0,213.17,CD1b
865.33,163.56,995.76,1336.7,594.09,167.44,153.43,150.09,258.29,125.5,175.75,240.04,142.8,0,258.29,153.28,561.83,167.44,201.71,124.44,339,1077.53,336.91,155.64,0,134.13,2182.68,274.88,503.28,186.86,1018.62,3554.34,CD1c
264.05,167.95,288.84,253.9,229.05,207.39,162.23,166.7,114.24,145.14,155.7,0,172.11,114.24,0,1592.55,285.5,166.86,222.32,160.36,218.32,497.67,276.62,186.66,208.84,108.3,176.47,1065.62,647.22,204.91,189.58,1354.67,CD1d
186.15,191.76,208.03,190.72,175.03,164.87,198.98,198.92,196.37,133.7,200.63,258.43,218.95,199.87,142.1,128.13,158.76,184.12,177.79,101.89,152.09,910.72,478.23,159.73,1640.93,157.58,326.95,225.33,201.92,174.57,153.77,371.83,CD200R
223.42,177.47,229.32,221.08,190.95,163.59,179.89,176.61,187.58,178.89,175.11,180.03,143.51,188.55,180.68,151.74,160.34,186.1,179.79,124.51,370.31,575.76,346.58,209.92,331.32,112.42,1235.86,285.4,225.76,255.26,217.9,250.25,CD200
110.04,120.08,0,110.04,0,971.29,112.82,112.19,234.64,167.07,110.83,0,0,0,234.64,0,0,0,0,9934.95,179.38,680.1,505.25,146.77,0,118.71,119.69,324.37,167.24,159.16,0,173.87,CD201
190.78,173.09,313.96,136.96,175.41,150.19,206.49,209.03,194.2,545.33,128.43,245.32,222.64,131.14,1031.43,173.09,135.42,178.73,137.58,103.86,170.31,507.69,267.22,130.81,1764.26,252.95,126.09,201.64,217.8,174.84,155.77,142.12,CD203c
737.05,316.32,821.01,530.48,721.3,267.6,364.56,362.11,386.7,264.44,479.7,348.03,222.11,428.9,266.17,259.87,460.43,273.25,243.32,105.22,475.95,932.69,1202.67,545.89,337.74,633.14,371.79,2623.82,2291.87,490.54,968.91,2324.74,CD205
213.16,219.68,212.31,264.8,0,198.6,268.89,298.09,273.82,348.43,369.28,298.09,0,239.7,714.79,263.34,0,199.66,197.54,7712.16,114.03,785.52,773.49,383.04,0,123.93,0,212.76,199.91,142.49,159.73,165.34,CD206
348.96,217.1,0,190.41,507.52,207.72,288.32,304.7,185.59,188.1,544.13,0,523.89,185.59,0,139.98,0,231.83,395.16,1289.43,117.43,846.75,366.37,169.3,3746.51,405.06,241.83,203.75,205.91,155.77,0,198.69,CD209
674.21,154.23,661.23,585.97,727.5,155.74,145.66,145.66,199.21,136.9,145.27,158.37,397.83,0,199.21,151.84,188.53,171.7,149.38,162.58,181.49,583.16,361.39,174,0,0,255.9,567.31,143.6,149.14,353.27,218.51,CD20
130.52,143.25,124.52,129.78,130.83,148.45,136.01,133.69,148.39,127.1,128.39,136.64,143.24,149.65,117.67,135.52,146.3,146.77,152.33,111.34,169.66,736.76,302.86,139.78,169.75,152.33,146.86,297.57,346.03,205.56,152,234.73,CD210
223.69,170.08,0,223.69,126.86,178.47,159.48,159.98,155.07,127,151.06,165.48,173.52,155.41,134.37,124.22,136.86,177,185,178.64,189.41,431.91,327.51,165.81,0,160.77,235.21,176.83,177.2,167.29,596.43,180.44,CD212
149.7,170.49,160.08,117.67,182.9,145.9,171.29,171.29,162.82,169.53,756.61,117.1,176.83,162.82,0,9808.6,146.25,175.36,128.69,100.6,123.13,448.8,252.26,122.7,0,119.43,167.4,203.34,244.05,178.74,0,179.78,CD213a1
985.15,118.58,1704.37,0,0,122.22,111.44,111.44,104.18,111.44,122.67,108.85,0,104.18,0,111.57,155.38,181.86,254.19,102.13,157.13,460.96,258.88,106.6,0,110.93,120.22,173.06,173.11,154.38,0,131.08,CD215
157.67,130.21,148.26,240.69,150.12,116.84,137.04,131.74,161.22,117.05,131.84,0,213.28,161.22,0,117.21,107.61,114.79,0,110.2,273.45,433.13,327.54,104.12,133.53,117.25,124.1,267.51,223.36,157.36,0,171.69,CD217
135.95,201,123.71,133.57,141.1,210.21,189.68,191.44,183.35,141.06,189.69,214.32,201.07,186.57,156.3,131.25,192.31,219.35,209.56,95.32,277.64,441.19,487.24,190.74,158.08,1203.71,279.56,173.75,183.07,172.92,1369.77,447.2,CD218a
3146.81,175.3,3374.04,3181.74,2824.6,183.07,162.2,162.2,165.09,158.42,166.86,160.64,247.97,160.43,165.09,179.97,189.68,202.07,191.45,127.01,198.44,476.5,253,165.47,0,143.68,353.84,173.02,172.72,171.47,1117.91,1313.1,CD21
383.65,185.42,0,383.65,372.16,269.84,215.11,183.64,0,215.11,109.5,0,202.68,0,0,0,392.68,147.01,0,99.15,220.73,448.73,233.25,188.46,115.66,131.53,0,231.12,251.51,187.82,137.72,226.84,CD220
130.05,138.71,125.11,217.15,130.17,135.9,140.25,138.96,144.14,132.74,142.02,142.2,192.57,135.96,162.21,129.44,164.93,139.17,149.28,100.33,141.28,446.34,316.92,139.95,173.43,128.42,145.33,185.41,186.41,158,0,156.36,CD221
224.35,154.47,334.54,196.63,0,140.66,525.88,452.72,525.88,710.24,165.7,265.03,0,525.88,0,0,134.28,143.7,146.5,7764.04,113.39,532.88,329.7,119.67,0,135.38,0,248.22,296.26,154.45,0,226.1,CD223
208.4,266.75,125.22,137.13,230.46,282.77,255.44,257.86,221.23,210.02,244.59,286.4,371.2,225.45,196.1,208.24,255.63,283.92,305.02,589.94,356.3,573.92,288.4,267.18,231.01,267.2,266.43,375.26,345.97,257.32,344.38,283.02,CD226
187.55,155.73,124.53,171.99,194.29,154.05,156.79,155.86,193.82,122.02,156.45,161.9,131.86,193.82,0,150.09,202.38,149.29,164.04,99.04,207.26,454.56,257.06,161.1,373.01,0,225.88,205.62,216.55,197.83,0,144.74,CD227
330.81,646.56,367.67,360.64,283.94,561.01,711.43,723.53,646.74,527.67,977.9,667.88,351.53,724.21,445.37,697.92,1230.78,553.03,398.84,99.85,610.71,1212.54,1274.34,1376.42,0,621.1,310.75,181.54,184.01,207.34,615.55,207.55,CD229
1246.02,146.04,1674.34,821.5,1007.75,155.65,138.7,138.17,184.87,129.29,159.28,136.87,0,149.28,0,162.61,631.35,133.28,139.55,5624.8,168.92,801.05,309.45,212.07,0,126.87,0,164.43,212.53,155.75,465.73,324.79,CD22
157.37,146.94,157.37,112.88,176.16,149.29,119.37,118.66,120.09,105.82,118.66,110.84,702.06,120.09,0,142.74,131.47,146.44,154.52,105.27,197.99,511.39,244.78,192.56,181.61,141.7,150.01,190.88,186.93,151.5,0,139.33,CD235a
2483.64,2631.39,2545.1,2450.22,2075.65,2590.14,2670.66,2534.45,3209.3,2630.8,2659.04,2249.43,2565.45,3242.6,3101.82,2605.68,2733.29,2656.51,2351.46,7748,12645.41,11829.14,11019.74,9372.29,10242.73,3580.6,9511.57,11299.84,14778.15,10107.74,7786.1,7751.41,CD235ab
659.89,212.76,0,473.14,0,214.08,182.2,160.43,174.37,160.43,180.88,0,0,174.37,0,217.68,0,212.76,0,274.04,254.52,489.34,346.17,196.52,233.01,129.48,148.25,175.91,0,138.08,0,139.14,CD238
313.56,191.16,322.66,299.17,253.5,191.16,203.8,185.57,301.7,122.92,200.16,189.2,0,301.7,0,929.48,0,179.71,141.62,276.88,220.56,721.64,332.64,141.4,0,123.08,0,203.16,198.99,170.18,156.41,204.92,CD23
196.93,158.06,0,174.85,470.7,545.89,136.73,158.06,96.54,567.47,109.78,115.41,0,96.54,0,872.81,137.12,545.89,0,7562.7,152.75,514.4,750.06,0,0,129,0,168.74,138.66,145.02,114.21,154.53,CD243
155.34,192.07,131.23,155.01,145.49,192.77,172.05,172.05,274.56,362.25,190.29,148.21,179.15,274.56,0,137.15,167.74,187.25,203.53,115.94,213.71,489.21,235.22,187.26,648.17,198.63,208.62,240.51,293.86,243.86,138.45,246.97,CD244
187.67,171.54,158.87,201.36,190.68,168.49,209.81,192.47,345.18,432.83,227.67,155.26,171.18,3560.28,185.02,499.64,170.98,143.21,161.75,108.06,163.06,547.21,270.87,162.24,166.97,127.43,171.49,254.71,246.26,174.82,0,153.7,CD245
569.66,136.93,374.67,866.74,714.37,139.08,134.07,134.42,127.12,131.37,135.88,141.79,146.87,131.1,120.91,132.14,132.8,150.2,153.5,107.79,185.46,1264.1,631.49,139.06,235.17,186.01,163.1,176.3,306.01,171.63,2240.04,222.32,CD24
316.79,148.17,228.09,390.29,186.73,149.44,146.86,144.66,201.52,129.06,144.66,218.69,152.29,201.52,260.34,151.38,254.45,148,265.29,98.55,135.53,465.66,258.53,147.28,175.12,115.01,186.97,185.37,194,144.1,112.02,157.04,CD252
178.85,134.08,147.43,135.08,228.32,142.42,132.01,129.69,137.77,146.49,126.83,151.86,159.69,136.81,143.64,140.73,152.14,128.15,137.69,98.26,131.74,475.77,264.67,118.58,156.11,176.5,131.48,176.28,218.12,134.03,132.11,137.47,CD253
212.85,151.1,201.77,454.71,186.29,164.94,142.95,146.9,129.05,153.22,141.12,134.02,175.4,129.05,0,205.05,159.24,156.33,321.74,109.77,206.04,540.58,293.05,133.41,164.85,129.47,177.79,159.51,159.19,151.94,137.01,163.45,CD255
136.05,140.53,133.11,136.81,143.27,141.52,139.6,140.68,130.01,126.59,145.9,140.53,137.03,131.88,124.52,146.03,149.54,139.01,135.47,126.48,155.53,814.75,314.21,199.75,229.43,164.31,149.1,225.73,261.36,207.36,482.43,190.49,CD257
137.02,122.98,126.32,183.33,135.72,126.06,117.45,119.17,114.07,140.92,119.17,114.27,131.81,110.7,114.07,125.35,112.11,121.83,299.98,97.9,151.85,476.82,264.61,109.02,125.97,125.52,137.87,287.11,296.06,173.19,0,246.96,CD262
157.06,133.03,117.74,685.06,164.25,137.49,127.2,134.07,112.63,109.08,127.2,122.09,159.25,112.63,115.26,132.78,158.82,143.74,158.87,100.12,235.7,463.74,268.17,157.88,174.38,113.15,163.83,184.14,177.89,182.68,174.13,149.94,CD263
197.82,167.62,156.48,186.27,214.43,164.6,166.44,167.62,142.47,169.8,153.92,206.19,173.3,121.79,335.81,190.27,180.52,151.87,202.81,114.59,175.99,466.42,271.29,161.34,132.21,176.62,188.22,197.76,223.9,187.04,195.58,177.58,CD267
4159.77,152.19,4691.5,3935.72,3791.66,157.63,145.79,142.4,162.04,142.49,142.05,139.58,171.31,157.74,169.12,156.57,164.1,153.97,160.68,100.7,147.91,463.19,257.64,137.45,160.87,165.28,193.34,192.65,216.82,144.44,234.45,1726,CD268
119.71,150.64,0,113.79,119.71,129.75,151.28,156.53,125.88,161.32,197.91,173.67,156.53,125.88,0,113.3,303.95,0,161.41,99.83,162.77,460.11,240.19,130.73,0,116.44,134.35,186.92,199.04,169.01,425.24,160.93,CD269
136.28,474.3,124.66,149.47,153.37,365.48,520.88,548.31,308.5,445.63,566.5,861.06,322.81,305.18,323.69,296.14,481.76,652.03,178.01,106.21,985.26,570.13,315.61,469.54,495.38,208.51,137.02,239.01,312.59,190.12,421.04,282.26,CD26
314.29,229.5,294.52,331.1,319.9,230.98,228.29,229.41,216.46,213.78,227.36,248.74,244.07,219.18,207.84,218.02,212.37,232.68,244.63,124.67,227.48,501.48,306.63,241.85,207.58,198.73,237.58,266.82,306.56,282.52,287.42,265.26,CD270
286.26,143.7,197.62,374.91,0,265.16,137.24,136.26,132.89,251.53,0,127.59,130.93,0,132.89,516.85,0,0,209.59,9027.25,149.04,841.58,239.86,0,0,116.33,145.5,158,180.37,158.57,321.17,166.64,CD271
894.37,320.44,1106.22,687.83,776.7,284.57,343.07,353.5,218.74,359.31,367.33,312.33,262.55,221.69,210.17,332.58,327.81,262.46,228.75,133.88,254.96,439.6,296.25,359.24,909.75,139.19,212.33,185.46,179.38,212.62,1376.99,446.1,CD272
208.9,121.95,238.59,208.9,176.72,121.41,122.79,128.25,108.38,0,130.22,118.75,0,108.38,0,0,121.41,0,0,103.88,119.58,432.59,238.37,122.68,0,116.83,136,171.12,168.73,167.18,0,134.99,CD273
192.9,142.16,177.63,208.22,204.43,137.31,144.55,144.44,151.55,120.05,145.93,143.34,131.87,152.17,0,126.51,148.43,138.16,131.76,118.68,136.33,475.55,243.23,144.19,137.46,131.78,117.2,181.22,159.11,147.64,0,133.66,CD274
148.5,135.98,126.64,0,300.15,132.09,137.43,137.82,136.5,123.71,145.21,186.61,136.96,136.5,130.46,135.74,239.73,131.31,130.76,190.74,276.25,496.47,242.22,473.28,219.74,237.99,230.25,224.21,219.13,168.33,479.38,398.55,CD275
221.96,205.4,197.6,254.84,223.75,207.03,204.1,206.54,185.85,206.19,208.49,200.28,207.63,185.95,185.94,202.99,204.21,207.56,208.22,115.65,267.37,579.53,273.14,224.65,226.36,237.41,305.63,269.28,234.27,238.07,199.15,222.85,CD277
330.65,134.23,692.8,256.61,318.08,133.24,133.91,134.07,130.31,134.34,134.13,115.96,134.55,130.31,127.67,177.84,171.38,128.45,0,194.86,222.42,549.72,352.61,348.99,251.67,224.12,189.61,269.99,244.3,199.86,394.01,344.27,CD278
220.34,181.58,239.95,134.54,290.85,182.46,179.08,176.26,194.68,181.06,174.55,175.84,172.67,197.94,175.48,158.84,183.29,196.07,166.01,101.23,167.57,559.4,253.77,188.36,227.24,125.87,128.78,214.66,203.38,166.7,0,173.71,CD279
149.68,137.86,131.45,147.81,160.77,135.86,139.5,137.73,152.45,161.52,127.07,152.6,249.45,141.77,881.08,131.86,139.37,134.15,133.48,105.38,140.95,499.16,337.37,115.03,432.78,132.25,132.78,279.34,297.42,252.71,168.65,271.08,CD281
150.29,150.25,136.74,193.04,152.42,156.21,148.19,167.1,120.31,192.61,160.49,135.83,182.13,112.47,0,163.75,142.68,145.35,204.23,99.1,222.75,472.28,285.04,138.95,111.7,366.64,137.17,258.27,280.17,226.05,218.35,196.42,CD282
195.03,131.09,0,176.44,197.24,134.41,145.71,163.65,117.15,0,163.65,127.77,0,117.15,0,123.57,0,134.41,0,101.21,257.24,468.31,253.71,130.43,163.02,138.85,0,205.54,192.68,170.8,0,138.79,CD283
150.66,139.41,132.23,255.29,150.66,130.87,153.75,163.82,125.46,0,149.41,158.08,221.33,125.46,195.94,125.74,124.62,128.75,132.78,107.69,182.94,596.61,266.74,134.63,295.71,124.54,140.01,230.14,268.53,191.6,312.44,168.52,CD284
179.78,145.22,203.75,6343.03,130.95,158.67,139.73,143.39,146.69,0,141.28,0,143.39,146.69,0,116.32,0,165.91,151.42,98.15,139.67,457.02,256.1,123.09,0,273.86,138.39,205.25,242.13,171.92,0,173.67,CD286
205.8,134.1,216.94,0,203.67,132.99,134.12,135.3,126.64,132.4,135.6,135.85,136.1,130.01,117.98,126.45,130.88,135.35,135.52,104.2,113.84,440.18,258.18,121.74,123.82,136.62,0,201.71,219.02,183.35,0,381.93,CD288
182.94,158.85,0,130.48,218.4,156.81,161.47,190.9,122.86,164.09,314.13,174.88,0,120.04,122.86,0,807.14,135.57,0,133.61,253.88,825.65,571.07,225.37,237.53,474.22,157.62,435.56,279.79,679.74,516.1,314.86,CD289
175.25,1394.09,131.89,175.25,176.21,1219.55,1497.54,1515.33,1391.85,1165.45,1710.7,1323.91,689.89,1542.52,995.95,1189.3,1894.29,1295.95,334.16,103.5,1788.29,452.45,638.28,1770.41,0,147.64,382.26,188.14,311.91,159.32,0,217.93,CD28
148.7,137.81,133.67,140.73,161.68,193.6,110.75,129.29,110.75,0,164.88,0,0,110.75,0,0,0,154.71,193.6,97.93,116.5,451.99,245.76,110.53,0,115.06,111.68,190.94,208.27,160.81,151.78,181.7,CD290
363.98,273.93,0,706.41,340.95,270.47,266.45,263.03,292.59,259.2,265.98,265.24,283.87,278.72,477.46,226.45,259.15,306.98,298.34,105.96,176.49,695.74,255.62,376.44,503.55,965.19,0,179.34,182.2,236.4,113.04,176.31,CD294
1176.15,1763.22,868.13,1453.04,1683.31,1586.2,2071.54,2012.98,2451.03,2013.71,2518.64,1479.46,1412.88,2477.42,2308.46,1689.35,2794.35,1464.34,1548.25,412.43,2947.99,2453.37,2120.64,3845.33,2258.16,1538.23,1983.64,10113.45,11804.69,6946.55,3910.11,9241.09,CD298
794.46,1083.16,428.99,971.52,1599.33,1197.69,1019.88,1024.25,998.42,340.31,1244.86,1440.03,2008.82,1102.68,619.43,312.54,1093.21,1350.31,1650.69,1548,2057.38,1668.58,558.31,717.55,359.34,1407.91,1395.97,2594.69,5134.24,2820.75,1974.15,2270.99,CD29
201.95,4932.32,147.56,202.85,218.74,5592.87,4581.93,4637.65,4143.62,2786.3,5100.09,6813.9,9906.76,4610.96,2936.27,3250.88,5707.1,7178.38,6935.3,125.47,8513.33,1892.44,449.11,4846.83,178.73,6882.47,3294.72,228.64,208.2,224.85,359.43,1608.81,CD2
169.42,131.54,114.02,149.28,310.46,156.01,143.91,237.62,143.91,100.72,0,0,374.52,143.91,0,0,0,150.44,131.54,100.14,154.67,468.55,245.08,121.12,255.05,0,174,215.84,235.63,185.97,0,164.11,CD300F
158.17,209.17,157.45,275.99,170.91,148.97,229.47,229.47,114.19,199.6,183.74,144.69,421.25,109.35,1207.97,161.81,0,175.12,126.15,98.83,937.06,431.47,292.09,1277.79,503.16,110.49,873.86,1105.35,2392.31,1152.34,0,384.13,CD300e
151.98,169.7,151.98,1223.68,159.16,188.82,153.85,155.67,175.07,144.45,169.62,0,0,175.07,0,161.41,0,157.46,206.75,195.56,247.78,529.58,268.67,354.55,326,219.48,224.48,241.57,272.51,183.4,568.79,250.88,CD301
158.35,219.48,1709.88,113.09,158.35,299.13,176.35,176.35,0,452.71,139.35,0,128.2,0,0,299.13,0,0,0,142.33,258.96,1258.29,834.04,250.11,324.28,349.63,176.49,464.6,350.24,869.96,521.02,446.92,CD303
137.04,156.23,0,118.22,136.17,139.97,157.63,157.63,0,0,156.93,106.63,165.94,0,0,0,0,0,139.97,136.85,396.31,804.61,502.62,266.13,195.56,176.36,434.24,405.88,255.31,441.2,609.55,508.11,CD304
518.45,333.84,624.37,319.88,313.18,388.67,260.22,263.02,244.75,278.15,224.3,273.77,358.63,218.34,330.95,341.17,275.06,341.45,489.92,123.65,650.56,774.79,330.52,362.37,549.19,893.49,1052.86,1151.92,538.06,822.72,1115.49,751.9,CD305
179.7,127.67,197.7,163.93,154.1,128.27,128.66,125.41,136.65,126.09,124.72,156.31,0,136.65,0,129.2,127.67,126.37,139.65,102.23,224.63,482.21,251.09,119.55,189.94,142.25,146.97,185.41,197.36,165.83,167.03,163.33,CD307d
237.55,144.83,192.08,1174.74,291.33,161.1,132.87,132.87,0,143.54,114.33,0,0,0,0,161.1,225.8,0,112.91,147.13,205.29,406.67,261.63,0,0,121.74,122.79,190.14,196.39,166.82,140.5,176.28,CD307e
438.97,146.82,0,486.87,349.9,123.3,151.13,151.13,146.04,144.49,288.42,0,151.13,143.09,533.35,0,0,123.3,0,110.7,151.71,456.14,271.2,122.22,127.2,0,145.46,174.25,154.8,153.9,135.46,150.89,CD309
238.73,174.44,0,159.99,247.73,117.9,179.12,226.27,174.44,111.69,347.04,226.36,0,175.55,173.34,109.75,0,139.34,0,20413.78,122.79,994.04,279.13,106.37,0,109.11,111.65,161.5,0,144.42,305.07,148.93,CD30
189.24,389.16,121.3,242.08,162.54,391.21,229.45,230.81,149.77,151.87,162.24,223.92,238.31,133.12,156.23,376.17,416.77,393.24,386.51,108.77,386.07,687.21,400.08,385.75,0,520.34,292.72,177.73,198.4,219.18,0,267.05,CD314
310.95,181.63,297.53,326.27,337.26,185.97,175.93,175.34,187.24,134.2,181.68,175.88,189.29,192.33,167.56,185.61,207.49,180.57,190.88,100.51,195.03,591.78,278.63,183.14,286.37,359.7,255.47,941.8,542.01,418.19,338.93,715.03,CD317
419.56,126.01,419.56,0,147.04,126.15,125.87,129.48,111.78,122.79,137.1,135.83,0,111.78,0,131.92,118.6,108.7,0,120.47,125.38,444.5,260.23,122.09,148.85,235.7,143.37,181.85,179.42,164.94,184.08,211.52,CD318
157.04,250.94,138.45,145.95,188.86,253.86,237.49,239.11,118.91,138.37,202.09,231.51,253.74,118.91,137.52,205.59,239.96,244.76,272.77,103.55,389.79,593.38,261.43,339.14,168.18,386.05,459.09,219.88,288.96,251.78,998.26,366.02,CD319
556.93,615.26,646.98,609.05,352.57,827.51,390.53,422.49,263.01,775.86,228.73,205.8,241,206.79,326.01,1896.54,926.82,470.49,380.99,1987.25,768.51,4609.32,4420.38,2110.74,1072.2,749.42,317.92,8511.89,11352.52,18192.59,2922.48,4510.11,CD31
420.99,507.51,264.35,543.97,592.26,442.19,584.09,615.46,317.47,607.05,733.79,466.21,397.14,320.39,312.69,407.06,623.81,423.52,462.15,2974.47,605.77,4229.81,1741.44,689.62,3475.5,391.8,718.43,3961.84,2996.27,754.82,2557.18,2490.33,CD321
286.18,143.06,230.27,403.56,318.53,148.45,137.46,137.46,143.28,128.32,135.61,144.08,150.09,144.47,116.66,128.25,147.04,156.05,156.35,684.96,163,620.99,275.84,137.07,189.79,169.98,190.1,381.38,378.51,247.94,289.02,228.54,CD323
153.37,159,105.2,176.56,141.4,128.25,175.81,189.13,125.15,1180.47,175.81,0,530.29,125.15,0,1177.24,128.25,117.2,168.84,100.61,272.69,424.92,269.62,155.89,0,1029.72,196.86,172.89,158.84,157.44,0,144.69,CD324
127.64,114.3,122.66,146.73,131.68,120.05,114.08,114.11,111.54,102.97,114.21,119.31,123.71,117.67,104.31,106.86,134.82,143.17,123.34,104.59,183.6,685.42,308.42,122.24,153.57,120.02,117.35,228.37,221.26,202.47,113.14,180.9,CD325
207.02,155.83,161.65,205.46,202.9,175.89,148.62,143.33,293.42,125.88,126.77,237.54,347.47,194.22,2753.37,155.23,175.02,188.23,322.78,9144.47,126.42,629.46,418.74,113.94,0,125.33,106.79,170.11,201.09,151.46,0,193.08,CD326
261.78,168.42,250.2,450.4,275.36,162.08,176.28,168.42,179.96,137.45,164.13,175.81,180.74,179.96,0,123.81,125.93,203.84,154.84,112.8,251.3,555.5,303.39,170.05,139.12,155.74,194.12,291.49,322.82,201.62,0,166.16,CD328
151.87,165.5,152.09,165.34,150.48,176.89,155.48,155.34,155.26,146.99,150.37,157.94,174.06,158.22,133.05,157.34,144.6,173.17,188.54,113.04,194.39,460.81,3560.95,148.28,616.68,247.05,295.2,8764.9,8234.83,2592.74,466.78,4422.06,CD329
402.11,201.43,379.14,530.9,370.79,145.24,201.43,201.43,206.5,261.25,193.43,0,114.66,146.95,352.34,153.45,1278.52,125.38,145.24,96.55,114.72,422.42,345.85,133.68,403.57,116.46,196.46,209.57,259.26,172.21,0,329.21,CD32
192.63,172.01,165.22,222.17,202.58,138.8,621.09,682.92,191.7,157.3,141.46,131.24,2129.42,138.43,2607.14,126.79,187.93,139.63,144.08,101.75,123.42,2072.42,273.13,108.46,166.64,132.49,151.13,341.27,780.87,2537.62,256.6,254.99,CD330
235.71,288.82,119.02,148.58,687.51,407.61,128.64,128.64,0,0,117.51,0,207.04,0,0,0,0,195.37,473.81,480.19,328.25,969.15,350.92,161.45,270.83,1189.48,293.51,166.02,186.45,176.66,0,1827.17,CD335
192.62,166.78,116.33,241.6,255.6,463.35,160.8,147.16,184.25,139.49,117.36,0,240.78,184.25,0,463.35,0,0,0,10330.12,0,1404.1,220.27,163.66,0,148.58,0,156.04,224.86,146.02,175.83,139.99,CD336
305.14,158.57,749.59,669.53,212.36,160.9,171.07,189.72,141.2,187.91,181.3,135.35,817.74,206.04,126.07,153.15,188.44,154.04,199.25,95.73,151.47,440.53,247.89,130.31,0,911.52,426.3,180.24,217.96,275.07,0,222.85,CD337
163.21,128.86,119.65,260.81,157.84,128.82,127.96,127.82,132.18,118.31,130.85,122.93,280.62,140.32,115.97,108.43,131.35,139.02,131.44,100.91,213.33,452.18,255.28,163.37,286.49,120.3,161.58,169.8,158.47,227.39,221.18,181.65,CD338
190.82,167.53,182.46,235.88,178.53,172.54,162.6,160.37,174.86,154.75,159.69,160.37,266.27,177.27,161.39,152.24,174.7,172.82,189.65,114.72,177.55,1013.51,1266.73,134.5,1176.94,1038.86,128.11,10434.61,9744.22,2418.42,900.86,10432.66,CD33
212.94,680.24,1350.86,166.63,0,223.41,1198.86,1198.86,0,798.08,1599.63,0,0,0,0,180.86,0,680.24,0,124.24,108.85,816.48,341.83,370.58,0,146.51,147.55,162.71,180.18,152.29,0,154.28,CD340
169.26,173.7,144.27,161.11,198.87,206.22,169.22,171.73,139.59,0,173.41,169.22,243.36,145.36,133.83,0,159.96,213.81,253.39,132.81,144.28,882.41,243.77,127.71,0,0,279.1,156.62,153.4,148.49,113.01,180.3,CD344
152.8,139.46,131.27,174.32,0,162.3,140.04,114.52,140.63,108.9,379.93,110.55,0,140.63,0,0,0,0,162.3,107.39,0,916.95,509.1,94.57,0,0,0,143.25,149.48,147.21,162.23,157.23,CD34
1834.58,1019.7,2058.1,1975.93,1466.64,1275.66,889.84,877.26,977.37,464.62,929.48,1200.85,1879.71,1091.76,565.53,562.6,1021.03,1544.73,1611.93,110.89,1971.67,1315.94,736.03,903.56,249.76,1648,1963.87,173.88,202.86,676.57,205.75,1478.67,CD352
172.13,146.61,175.91,196.77,152.98,146.61,146.84,152,127.95,137.76,148.67,132.08,297.98,132.2,122.7,123.85,148.46,162.04,155.28,100.91,1716.71,475.17,1892.87,118.05,266.32,121.11,405.3,1463.08,1144.86,296.56,138.84,297.23,CD354
509.65,196.28,418.76,467.12,669.41,183.14,205.5,207.85,173.54,175.41,212.72,222.26,187.13,178.63,155.69,177.48,200.6,181.29,182.83,111.71,326.54,489.24,720.18,191.67,315.48,118.71,320.74,469.55,327.53,205.2,1079.08,346.36,CD35
174.53,126.91,175.89,154.19,170.78,131.65,122.83,122.92,121.77,122.86,122.09,122.73,129.74,122.18,118.93,121.87,129.08,132.67,137.3,114.78,150.85,598.85,331.91,139.57,281.46,167.23,143.39,167.65,181.2,367.61,142.45,175.23,CD360
175.59,202.09,201.23,205.12,142.7,206.56,189.5,192.49,169.73,170,163.01,185.64,213.43,179.67,150.25,170.93,155.19,203.26,214.61,1522.33,256.85,1064.71,384.84,203.54,310.93,178.9,211.33,2228.53,1543.7,412.9,752.4,621.23,CD36
4695.96,150.91,4432.7,4589.64,5293.08,153.44,144.72,145.71,121.06,144.46,139.45,151,149.53,121.06,121.89,153.4,138,149.13,158.21,106.74,140.8,448.62,281.31,127.01,118.09,160.04,148.93,216.93,293.31,201.64,562.88,352.42,CD37
314.59,247.1,350.26,244.94,293.76,213.48,269.02,266.13,282.66,310.71,222.86,220.71,213.16,321.91,243.72,229.75,213.07,195.73,199.97,147.44,234.6,565.1,452.58,279.99,857.75,487.43,507.08,584.14,440.69,250.3,486.62,499.56,CD38
332.21,232.77,356.26,294.61,326.44,205.96,240.12,202.67,261.83,272.93,192.02,182.89,227.56,269.01,208.37,184.48,177.27,231.6,193.44,227.9,244.54,694.21,297.68,158.13,128.95,117.18,145.22,429.05,602.15,213.07,202.87,336.76,CD39
180.28,572.68,176.17,193.71,185.91,393.8,649.93,670.3,553.97,306.97,659.21,2760.06,650.47,553.97,8031.86,636,1547.46,529.93,204.86,105.96,114.63,547.01,1822.63,115.46,0,114.58,0,173.31,181.68,193.03,251.26,218.66,CD40
379.8,310.13,347.46,386.78,301.48,299.26,325.76,325.05,329.37,325.05,347.55,310.55,274.69,324.57,566.46,283.34,426.2,301.71,299.67,17105.2,367.34,1872.82,592.97,324.06,539.1,1203.65,344.6,1271.64,1194.72,555.35,1192.17,546.12,CD41 - CD61
281.36,229,281.36,198.81,263.57,218.84,239.11,236.92,302.01,260.22,247.57,238.55,215.82,302.01,270.82,251.57,268.3,218.15,216.28,1845.43,228.57,844.32,380.31,241.58,287.66,420.42,231.84,468.11,431.32,278.47,450.73,250.88,CD41a
372.45,377.26,337.56,343.46,396.09,372.3,380.32,380.15,392.3,371.7,394.27,363.74,333.34,449.9,281.12,352.34,376.37,354.01,406.6,6876.44,348.58,710.56,425.04,687.85,319.85,2127.25,553.57,392.26,403.38,364.82,286.01,290.65,CD42a
310.29,262.49,385.85,329.98,267.61,254.72,291.63,278.49,322.4,277.54,300.65,303.81,228.58,239.33,339.71,228.03,249.56,269.55,251.5,2563.45,421.1,495.34,356.47,381.15,344.33,729.51,373.7,198.82,179.38,187.64,6013.94,188.33,CD42b
317.46,3848.64,263.73,419.44,344.95,4259.58,3545.37,3718.08,2355.53,3067.2,3900.16,3891.07,5274.19,2327.32,2486.4,2794.83,3898.77,4493.92,5160.84,163.95,10249.9,6401.31,6576.67,5339.18,4242.79,6801.26,9193.3,3545.76,4024.39,7704.02,5268.31,2850.49,CD43
3859.58,2903.53,3081.66,4626.95,4895.26,2634.58,3223.72,3223.8,3279.59,2769.6,3768.34,3027.88,2837.17,3518.99,2527.17,2164.61,3502.36,2822.65,2736.68,122.61,5540.69,1334.12,2944.11,4561.18,5098.85,3867.28,1667.9,9308.56,9182.97,6223.95,7412.4,8587.68,CD44
347.4,243.96,365.69,308.01,201.92,249.38,188.95,189.49,151.99,187.69,140.68,1514.63,191.93,182.6,132.94,158.4,153.84,150.64,263.24,156.03,247.7,442.65,312.3,296.33,348.01,286.05,316.28,186.47,219.76,203.59,135.86,155.5,CD45R - B220
3593.54,2285.63,3108.36,4315.46,4070.87,3361.38,1478.05,1476.48,1462.54,3497.02,988.99,1048.63,3755.59,1041.18,3763.23,3898.07,2269.75,2695.04,4012.39,114.09,5070.01,551.91,483.88,2721.24,338.8,4106.49,4616.2,1146.92,3638.71,3305.96,2463.43,1063.44,CD45RB
145.71,146.56,146.3,143.37,144.95,143.93,147.92,148.56,143.01,135.2,152.88,153.18,143.59,145.53,129.35,139.16,155.64,144.86,138.33,450.4,135.5,742.33,672.04,128.29,369.8,154.51,129.4,593.55,680.92,222.52,167.02,181.73,CD46
211.48,211.46,194.63,198.74,230.87,220.74,207.21,206.48,216.07,214.82,200.84,219.03,242.6,228.82,196.53,226.2,195.51,219.6,243.97,113.34,235.35,677.64,378.72,205.27,152.18,228.54,260.23,213.95,182.79,186.72,180.66,193.77,CD48
2909.32,163.37,0,2909.32,20802.21,178.55,144.67,146.29,118.11,109.58,142.27,137.17,960.3,118.11,0,350.85,193.09,149.01,138.5,139.36,141.74,430.86,281.15,142.84,878.22,158.03,210.4,186.51,268.17,153.21,109.49,148.91,CD49a
164.77,159.71,184.6,180.2,143.98,159.03,160.88,156.91,178.97,162.94,157.03,151.32,163.38,178.97,170.63,185.11,158.43,156.09,160.27,1603.48,183.45,598.7,294.05,165.52,187.45,230.11,237.99,329.23,394.82,202.87,250.37,307.73,CD49b
240.98,164.96,119.06,174.45,253.3,157.79,168.32,168.47,168.14,129.54,171.11,179.19,151.01,172.37,127.78,144.77,170.81,158.64,153.47,110.85,157,873.15,345.92,145.38,110.53,138.25,130.93,164.46,159.99,151.99,1269.88,218.05,CD49c
1775.85,1826.59,1171.46,2058.98,3111.83,2848.9,1181.39,1201.3,1003.98,489.18,1482.92,2378.08,3897.83,1244.96,659.71,722.05,2170.03,3442.9,3760.3,104.06,4780.16,3099.85,291.77,1045.53,585.36,3034.58,2747.79,1429.4,5512.59,5898.5,3521.18,4882.76,CD49d
163.69,888.1,157.6,157.47,164.71,909.73,888.06,917.01,740.81,333.3,1066.45,1114.77,1289.99,803.06,528.58,225.82,878.15,975.06,1210.64,397.25,1566.33,443.91,717.99,585.18,260.17,1718.14,1488.75,7118.53,3555.22,868.86,340.9,6283.78,CD49e
181.25,670.26,156.04,166.15,205.23,347.89,1058.85,1041.85,1143.99,368.37,1453.45,1317.32,553.27,1164.52,927.28,231.48,928.14,456.64,367.97,1104.65,459.88,1127.25,432.72,537.24,171.97,690.51,576.11,313.94,262.04,194.34,169.96,183.01,CD49f
8377.45,4558.25,7959.84,9252.45,8770.79,5361.42,3963.29,3930.56,4187.52,2522.43,4042.49,5026.3,7347.74,4718.5,2499.79,2747.85,4167.63,6196.66,6861.53,167.05,8760.85,11817.97,15266.11,4067.53,3575.69,6615.62,5942.72,10472.74,6800.25,7787.52,2658.38,9080.22,CD50
201.73,163.26,201.73,687.03,130.75,145.48,200.8,209.43,197.91,285.28,0,124.84,134.08,0,197.91,145.48,0,106.16,163.26,194.97,133.97,437.92,251.28,139.06,0,137.69,150.91,173.76,232.59,157.85,0,132.03,CD51-61
182.31,134.01,117.66,197.31,182.31,134.69,126.48,122.12,134.16,552.9,116.02,115.64,151.56,133.54,0,0,462.16,136.89,134.28,170.88,122.6,410.19,330.23,121.69,0,123.91,143.9,184.13,192.87,153.99,335.92,159.99,CD51
1509.94,995.23,1232.61,1728.71,1655.54,737.91,1207.78,1195.67,1242,1088.37,1392.97,1047.27,634.98,1250.94,1117.24,1029.8,1161.61,643.71,531.07,131.98,715.25,618.69,304.14,1177.5,184.74,596.95,274.85,294.73,474.26,345.93,252.58,323.31,CD52
2172.68,314.24,1375.88,2263.22,3301.44,314.88,310.99,311.19,299,266.56,316.46,346.36,371.72,293.95,307.89,270.13,297.8,333.35,340.15,117.95,295.88,588.37,523,315.82,608.19,298.11,450.44,692.96,1105.88,1055.46,699.51,482.67,CD53
594.48,303.35,412.67,720.01,787.15,367.08,221.67,230.13,183.7,121.32,180.67,313.54,345.88,192.14,123.05,151.37,284.18,400.09,372.02,101.09,561.99,484.13,675.21,190.33,494.75,1537.79,391.98,2740.94,4973.37,2092.61,3103.7,2753.72,CD54
3807.04,1466.42,4350.1,3836.27,3143.23,854.85,1693.95,1811.35,1037.91,2794.98,1607.47,1152.34,284.31,905.11,1604.03,5090.02,1795.96,567.68,286.79,775.74,337.28,7721.62,7222.48,2659.43,8618.18,1124.77,403.17,8604,7402.55,5214.73,2309.15,2624.49,CD55
247.22,3192.15,209.17,182.53,301.05,3408.61,2337.14,2122.46,8435.69,236.62,249.75,2319.42,3760.53,4629.11,11032.02,219.24,276.41,3013.73,3725.57,128.23,7990.23,4009.18,1058.44,3706.92,123.35,144.37,1588.75,149.71,187.34,1279.55,0,160.46,CD57
159.3,285.4,151.94,148.98,162.47,278.94,290.11,295.34,251.47,184.97,326.37,364.59,269.28,267.39,167.21,188.79,339.94,354.7,271.91,141.26,279.68,553.26,384.38,254.97,173.43,179.48,199.08,579.59,463.52,236.32,627.67,379.86,CD58
253.02,243.9,226.01,282.69,279.83,211.52,267.12,272.7,241.11,295.16,273.25,261.64,193.83,235.14,312.27,236.67,245.19,214.27,173.41,126.63,190.24,480.5,420.48,275.25,202.47,237.7,190.79,239.23,194.05,156.28,293.87,228.4,CD59
293.91,3532.51,362.77,318.78,202.23,2277.03,4969.92,5090.44,3943.81,4584.62,5690.24,4153.04,4046.19,4344.73,2918.64,3316.06,2998.22,1988.32,1730.42,117.44,1916.34,2997.04,3169.93,4835.82,131.28,0,205.71,191.44,183.32,154.02,197.47,794.35,CD5
156.18,173.09,154.08,288.24,265.67,171.04,181.24,189.54,141.13,123.37,194.87,142.45,229.05,136.27,237.45,465.58,325.62,173.77,135.81,107.28,144.8,577.88,281.4,138.3,139.03,294.8,263.73,236.32,220,174.91,109.41,155.78,CD62E
312.85,558.63,260.73,263.45,446.02,488.96,594.25,618.1,458.02,641.73,638.89,381.96,385.29,438.15,507.98,543.03,626.29,335.03,318.22,109.86,407.74,1041.65,2466.3,714.67,3056.98,1081.55,351.57,644.35,363.77,173.11,838.82,1012.66,CD62L
163.47,183.27,165.08,150.66,163.26,184.4,179.1,179.46,179.98,164.25,183.48,186.64,184.93,180.41,170.17,173.4,172.83,181.35,189.08,2192.04,246.69,988.3,341.24,202.25,287.22,3221.19,335.88,481.8,426.11,301.48,832.66,260.33,CD62P
216.72,186.28,196.29,216.71,232.42,204.04,159.97,162.21,141.82,140.02,145.73,165.25,200.32,141.82,136.11,135.21,156.3,201.31,219.03,475.75,286.52,1734.25,492.75,177.46,1243.48,306.63,331.31,1098.31,1061.38,436.56,753.67,615.59,CD63
124.14,149.28,124.14,184.48,0,145.19,148.39,150.05,125.65,152.88,135.31,163.32,250.09,139.07,122.68,134.04,146.37,153.66,169.5,101.47,385.87,441.53,338.33,438.66,0,0,126.82,630.65,373.14,227.15,0,375.5,CD64
151.06,139.3,144.43,161.2,153.45,144.61,135.49,136.31,131.31,132.89,134.54,144.03,164.46,129.26,134.26,134.55,140.1,150.17,145.57,106.4,132.02,1019.92,1073.6,122.15,141.98,124.42,978.89,229.4,176.31,197.52,422.66,156.59,CD66
144.05,142.87,137.71,136.29,146.92,144.84,141.49,141.21,145.11,136.08,143.01,154.19,208.82,143.49,142.84,143.53,142.45,160.37,151.97,103.27,128.92,852.62,2173.85,133.58,339.49,174.95,184.75,198.95,191.76,192.72,0,143.3,CD66a-c-e
164.59,154.95,168.07,164.88,165.57,158.63,151.56,151.98,149.55,144.81,155.31,157.27,165.8,147.42,159.84,153.45,164.88,160.08,161.81,114.37,143.84,6896.57,3409.98,142.73,238.75,207.99,172.09,223.75,213.5,154.74,149.99,141.58,CD66b
174.56,228.17,173.86,169.76,175.98,239.89,221.11,222.41,207.94,217.4,227.34,197.29,207.51,202.41,217.93,252.39,230.57,195.23,179.84,112.72,119.7,1858.73,5549.01,171.29,254.31,113.42,177.75,317.69,292.4,236.04,180.99,180.68,CD66c
260.07,691.81,135.8,346.08,165.94,837.31,749.92,800.4,124.79,796.54,1408.05,935.69,133.44,306.37,100.06,982.8,0,868.55,131.41,110.29,118.21,792.43,488.7,107.93,0,105.77,117.73,174.38,161.53,127.18,0,115.45,CD68
139.5,165.79,142.95,135.8,144.59,168.61,162.77,160.89,324.52,138.98,160.38,160.55,239.72,342.1,105.41,155.74,144.77,181.35,149.6,202.18,230.02,462.28,264.63,180.39,166.54,456.35,163.35,164.51,161.19,151.12,132.99,151.56,CD69
290.02,4732.84,284.38,357.17,270.47,3341.14,6461.89,6776.76,3440.7,6071.61,7355.45,6603.75,6187.02,3418.01,3498.85,3588.18,4126.1,3509.22,2801.46,165.59,2971.53,625.38,387.77,4582.24,229.39,208.41,552.23,252.91,263.87,250.11,371.91,294.44,CD6
196.98,173.07,217.8,184.73,195.77,170.23,176.4,173.89,178.44,0,178.77,171.38,189.65,178.44,0,322.64,173.07,162.55,179.06,906.27,141.03,879.04,270.73,173.53,0,270.71,138.34,166.78,0,147.29,0,148.59,CD70
221.29,168.18,221.27,227.08,220.5,172.14,168.04,156.83,195.66,144.23,157.95,163.86,416.38,195.11,237.44,118.72,305.06,168.59,202.47,106.15,187.09,513.83,462.4,145.2,136.25,125.78,123.18,263.57,197.16,285.25,531.78,307.86,CD71
390.46,212.27,330.11,307.66,502.11,222.66,190.11,191.2,167.63,163.26,205.14,207.52,144.92,167.63,164.68,235.84,202.94,223.77,168.45,6197.73,193.76,1180.07,404.19,216.54,0,134.44,0,167.59,180.36,153.01,371.61,1274.61,CD73
336.76,167.77,301.36,325.52,392.79,175.33,153.54,150.28,191.73,146.62,142.25,153.53,245.38,184.37,250.77,134.69,171.4,177.49,159.26,106.45,158.17,589.79,282.65,134.21,171.23,126.22,132.56,344.39,462.2,198.67,453.18,352.27,CD74
154.87,802.68,104.27,252.3,156.49,2117.05,556.22,556.22,606.99,113.4,816.78,1910.85,1039.96,205.65,1008.33,0,0,528.2,2619.55,197.38,195.98,507.15,275.03,206.42,180.81,1015.15,214.81,183.05,167.15,160,0,0,CD79a
1904,160.43,1877.77,2001.33,1905.59,145.38,178.89,177.97,185.2,184.72,157.67,174.61,195,202.06,152.2,131.84,156.32,178.78,182.53,126.37,179.11,458.27,274.5,155.44,158.95,119.27,319.04,187.29,212.7,171.63,5724.55,1343.87,CD79b
175.52,747.53,175.82,159.7,177.07,700.87,781.81,805.26,595.44,1229.38,736.35,395.85,333.26,524.95,847.69,1096.98,832.26,565.98,455.11,101.93,612.58,1190.81,1154.18,1302.94,194.03,3128.65,1664.54,172.92,199.29,693.26,186.62,1250.72,CD7
263.81,174.45,173.33,213.37,286.73,143.34,175.02,160.08,180.22,162.93,160.08,160.36,125.43,184.2,143.31,0,265.02,126.9,127.67,835.54,154.23,689.63,266.02,146.51,0,107.04,171.5,174.75,194.05,163.88,739.07,516.54,CD80
1877.47,1460.19,1721.17,1173.76,2477,1332.59,1551.65,1588.07,1262.24,1628.2,1598.67,1484.4,1741.45,1166.96,1666.06,737.45,1527.53,1634.99,1444.37,159.71,1191.9,2669.84,528.28,1281.09,169.79,994.8,975.08,437.62,566.61,969.05,612.65,899.91,CD81
7243.66,1974.85,3325.26,9206.31,13495.07,630.33,3650.15,3858.35,2399.36,1823.89,5560.15,3619.66,823.81,3036.46,684.18,648.6,2646.93,684.26,339.71,525.32,509.3,3594.75,4335.73,2086.23,5769.14,366.56,166.75,3363.52,1520.73,628.54,1482.29,374.09,CD82
214.17,120.94,254.85,188.92,0,119.51,121.9,121.93,117.38,117.32,124.36,115.67,116.32,123.04,105.4,117.22,123.23,117.21,125.06,93.47,206.78,447.14,243.25,131.45,112.76,122.39,197.67,174.28,175.96,158.55,142.16,151.01,CD83
223.48,369.22,197.84,255.57,246.29,371.76,363.91,368.13,335.22,167.89,394.39,395.05,404.97,342.87,162.35,221.42,460.58,460.45,384.89,1105.59,420.31,911.46,282.37,295.48,1061.61,335.86,229.24,1155.82,1248.28,311.15,371.78,1079.71,CD84
166.3,204.51,134.54,172.54,172.68,163.2,243.29,260.71,151.98,135.85,275.5,369.14,232.08,166.79,131.82,134.37,179.53,205.17,184.83,111.81,178.74,760.87,7243.45,144.87,226.87,152.07,157.73,8431.26,6962.25,3597.37,243.51,3073.82,CD85a
169.29,231.93,167.27,144.57,192.83,252.97,221.64,218.33,260.74,209.41,223.67,207.09,1895.82,230.62,289.6,282.36,215.96,214.49,154.23,97.26,235.22,521.29,879.89,439.7,133.49,125.29,125.25,2042.22,4258.98,4784.87,246.75,293.14,CD85d
349.7,175.47,201.12,789.29,322.92,179.01,159.05,184.87,173.47,521.81,176.57,231.03,0,169.74,238.4,139.24,180.42,158.1,190.54,104.29,183.9,542.73,280.71,169.08,209.16,175.99,153.82,213.85,223.62,194.38,494.14,155.75,CD85g
167.12,165.95,132.6,210.26,183.22,148.75,165.95,165.95,139.19,123.91,134.37,0,280.47,130.51,201.81,248.33,131.56,178.35,143.05,99.76,155.1,520.14,365.12,130.3,169.18,150.51,150.93,408.78,500.51,233.98,169.91,359.81,CD85h
260.43,179.44,229.98,296.19,273.17,183.16,163.57,164.69,126.35,136.55,141.34,148.03,180.45,109.5,330.68,159.33,182.1,186.14,183.16,101.33,220.97,553.02,260.62,184.82,729.91,146.76,178.68,571.71,1021.97,727.92,502.81,370.16,CD85j
228.6,181.62,157.32,152.06,263.13,151.53,194.07,201.48,164.2,151.62,172.01,118.11,244.13,146.79,252.56,0,131.37,250.79,154.08,101.58,785.3,482.74,259.33,116.92,0,1976.8,302.75,1165.24,1832.64,462.88,4191.61,1761,CD85k
181.28,194.99,139.23,168.83,190.12,167.28,223.98,214.37,279.09,128.27,157.58,223.49,586.78,291,134.77,129.55,178.83,171.9,150.72,101.61,236.44,501.8,258.83,188.56,193.45,181.09,206.86,1323.28,2255.88,1607.76,335.93,910.41,CD86
116.95,143.57,0,116.95,0,129.94,150.02,156.46,101.46,0,138.57,0,165.34,101.46,0,0,0,123.34,136.54,8850.52,168.46,453.83,387.52,144.48,212.2,157.27,232.26,297.72,313.59,209.7,0,201.19,CD87
150.84,141.76,141.61,346.81,155.86,152.02,133.32,128.23,156.44,126.77,133.32,127.42,0,155.96,171.09,253.42,167.35,159.12,137.1,108.87,122.48,545.82,290.07,147.04,130.1,222.04,142.37,254,292.88,199.93,137.22,148.51,CD88
156.62,157.67,148.28,169.44,157.35,165,151.82,152.08,150.82,144.28,151.58,159.97,149.9,145.99,155.97,149.95,171.06,170.23,170.26,104.99,499.29,546.7,1890.83,138.44,1499.31,137.88,239.95,1639.03,1013.74,253.73,128.83,219.69,CD89
137.55,375.68,123.89,135.38,148.12,376.48,159.53,159.18,165.75,141.47,162.96,173.14,191.89,141.75,2600.73,478.59,398.01,370.33,299.81,113.02,1045.49,741.55,321.3,1063.98,157.21,118.73,171.23,183.6,190.22,167.92,318.06,183.24,CD8b
174.51,208.51,163.49,174.15,678.33,191.56,225.35,234.11,118.11,193.51,218.84,279.32,158.15,120.96,115.26,162.97,518.99,266.15,173.84,90.9,191.37,445.31,266.3,221.47,209.59,533.94,148.1,179.11,228.02,162.18,0,194.34,CD90
231.91,168.34,1149.58,292.46,123.81,224.99,163.8,168.45,144.97,153.31,139.41,144.3,239.97,151.58,773.11,0,0,178.42,271.55,125.48,465.3,500.32,330.37,115.52,0,0,0,647.77,551.74,319.72,0,420.28,CD91
171.33,150.04,143.45,208.23,237.72,153.23,152.98,156.08,130.62,156.45,132.51,245.69,171.14,130.62,141.54,212.17,132.7,146.42,169.43,100.61,755.5,469.81,453.36,124.69,166.05,113.45,241.64,1822.53,1063.84,350.5,328.81,805.42,CD93
170.53,382.93,141.05,230.8,169.29,377.7,174.6,176.89,139,183.71,173.56,165.5,218.98,135.59,145.31,174.11,486.01,265.79,498,128.35,1568.57,542.46,479.35,521.32,167.87,2751.34,1765.29,188.95,187.97,1980.72,198.39,3216.53,CD94
269.37,451.47,134.45,204.34,323.77,370.41,586.82,543.15,1187.83,181.6,685.87,470.64,353.21,1325.87,348.11,193.11,642,389.07,339.71,98.13,604.61,941.17,997.21,908.29,755.21,298.03,218.71,1328.64,822.95,516.66,128.77,809.74,CD95
150.11,210.92,150.11,150.91,150.12,202.17,216.39,218.15,204.86,190.99,233.12,220.83,163.23,211.22,161.87,214.04,271.36,202.16,170.59,106.39,199.49,454.73,299.93,227.22,0,327.91,183.05,171.97,153.25,160.03,323.48,142.57,CD96
172.25,184.27,177.89,143.77,157.23,187.72,181.02,182.67,167.89,159.22,187.2,188.63,192.33,163.25,178.99,185.11,181.65,187.82,190.04,137.2,213.98,1111.24,492.8,214.89,794.7,235.56,234.44,1099.09,1115,903.95,170.13,458.24,CD97
470.97,518.78,375.16,532.82,609.5,433.16,582.89,579.59,622.9,519.85,697.48,442.19,311.33,716.23,458.7,557.01,710.45,395.49,332.11,118.64,469.47,524.95,378.36,876.93,356.77,529.13,331.05,3966.06,4448.9,2467.4,11842,1728.31,CD98
155.35,172.8,125.48,142.52,156.71,153.2,180.6,181.06,177.69,128.1,193.44,174.18,142.78,183.14,146.4,130.25,181.58,156.54,144.65,116.35,154.42,441.18,303.78,250.97,130.04,134.37,129.66,176.16,179.07,157.06,164.16,156.28,CD99R
177.97,247.28,148.27,179.5,208.89,236.69,255.55,257.35,243.25,235.19,267.81,256.16,272.4,259.32,191.56,187.08,275.91,241.47,267.66,121.42,206.44,458.93,337.82,220.53,255.94,191.73,204.35,265.87,255.29,192.99,201.27,247.45,CD99
274.07,505.51,277.62,294.41,262.94,641.29,336.92,352.81,285.16,226.64,231.5,529.37,1102.7,300.82,197.93,262.53,306.52,810.96,900.44,1366.75,676.47,8397.77,1825.37,302.82,3207.28,183.97,191.02,4094.57,3298.4,932.96,3693.23,1691.9,CD9
257.01,364.08,224.44,244.4,323.27,309.91,450.12,381.29,874.01,242.25,410.58,545.24,251.84,1043.26,267.59,224.97,538.13,348.03,308.82,157.49,756.45,712.59,2452.89,349.93,413.1,244.69,904.88,806.68,711.79,651.34,2566.14,4795.31,CLA
139.93,148.85,131.03,145.3,140.6,151.57,147.09,147.3,145.7,140,143.07,150.43,165.29,149.79,130.69,140.32,153.68,150.39,159.86,135.04,226.08,4322.45,2598.12,209.21,430.57,165.88,178.41,4025.38,3827.75,1888.83,466.06,798.62,CLEC12A
142.94,152.7,142.94,142.47,128.7,147.04,161.67,190.82,107.42,0,127.35,120.68,332.68,107.42,0,144.89,0,149.2,157.5,110.88,538.09,543.84,307.49,264.42,327.94,142.6,1111.76,286.89,305.01,230.41,1336.05,208,CLEC4A
250.24,184.43,0,250.24,0,202.8,129.34,129.34,0,0,129.34,0,0,0,0,0,0,202.8,0,99.34,281.36,509.98,546.2,121.23,332.01,135.83,228.92,574.71,315.05,156.57,180.75,164.4,CLEC4D
165.14,152.47,147.57,974.31,140.27,149.49,149.67,159.9,122.83,157.59,152,130.55,162.81,122.83,503.91,276.06,122.22,140.69,145.18,100.12,130.86,446.66,249.99,135.64,128.3,107.99,248.16,182.21,241.22,161.62,0,515.02,CLEC9A
141.56,182.21,135.67,136.99,151.67,197.85,135.59,135.91,131.97,128.48,140.82,138.05,151.79,131.71,132.39,219.08,213.23,193.91,185.25,110.04,141.43,527.7,295.32,163.14,116.24,192.08,122.24,207.39,225.47,171.79,138.03,171.45,CR-D6
282.74,258.76,202.09,606.08,0,0,115.15,115.15,0,0,0,0,0,0,0,0,0,0,0,219.66,222.39,515.01,326.85,334.21,240.64,152.41,223.15,255.36,276.94,187.25,338.79,311.87,CSPG4
185.64,252.11,133.45,230.06,228.52,256.26,225.33,224.91,232.85,139.07,137.24,233.52,226.12,160.98,379.32,133.39,143.1,254.69,278.84,98.35,286.51,459.12,245.5,345.53,364.05,192.14,486.4,1142.85,2038.4,3008.77,160.9,620.96,CX3CR1
143.23,121.85,143.23,438.53,150.93,129.89,121.17,121.12,121.99,141,120.38,123.3,151.75,121.73,241.79,130.63,143.17,129.14,182.1,108.85,179.42,441.41,246.82,113.52,0,118.67,156.77,188.35,242.95,185.2,251.25,169.7,CXCL16
179.5,154.46,168.3,155.59,201.91,163.08,143.84,143.79,151.43,143.79,140.85,131.43,183.96,147.22,231.62,158.49,140.68,137.67,176.36,164.69,144.35,434.77,242.8,135.45,391.31,302.06,157.34,182.73,191.67,153,174.62,197.85,ChemR23
507.61,124.63,561.96,381.51,0,144.19,124.63,124.63,0,132.2,117.07,0,0,0,0,144.19,0,0,0,9634.49,0,788.86,1773.44,141.56,0,116.51,111.07,148.1,154.91,141.57,0,148.98,DLL1
136.05,141.45,128.5,146.43,152.41,141.39,141.74,142.54,131.33,122.29,148.7,138.09,142.53,134.53,115.62,139.26,155.01,139.04,134.45,100.53,158.31,589.57,311.81,164.76,124.64,240.08,144,381.17,403.43,216.54,170.25,293.97,Dectin-1
434,284.02,0,434,0,0,284.02,284.02,0,0,302.28,0,114.06,0,0,0,0,0,0,11973.88,108.1,816.92,299.4,93.98,0,0,0,151.85,151.89,144.11,0,146.89,EGFR
175.29,153.95,171.89,189.29,168.97,142.4,162.48,170.52,164.52,249,139.42,160.33,267.68,162.48,0,126.59,149.98,146.1,161.5,106.04,204.94,534.8,240.92,152.94,193.91,133.6,170.94,187.5,206.43,173.93,413.26,166.64,EphA2
0,302.92,0,0,0,110.62,495.23,495.23,0,0,495.23,0,0,0,0,0,0,0,110.62,14255.08,0,745.75,0,0,0,0,0,104.84,0,150.73,118.65,0,FMO1
118.69,282.01,0,0,0,282.01,0,0,0,0,0,0,0,0,0,282.01,0,0,0,0,160.42,439.02,348.16,0,0,109.7,0,117.05,0,146.12,0,157.25,FMO2
264.49,306.18,0,0,264.49,269.47,310.93,637.15,209.19,437.32,837.84,179.8,145.5,174.74,344.07,1001.58,362.96,300.97,256.89,266.56,313.26,590.56,1020.55,242.28,4168.54,335.73,1119.81,386.91,0,264.37,0,781.05,FMO3
115.62,386.68,0,115.62,0,319.38,635.22,635.22,651.24,136.01,653.21,5028.21,443.36,0,651.24,323.11,190.32,159.33,321.54,712.36,1275.38,3434.09,1866.37,1654.87,0,0,1147.82,2949.68,136.77,173,0,786.93,FMO4
845.28,180.79,0,0,0,120.41,180.79,180.79,0,180.79,0,0,0,0,0,0,0,0,120.41,13845.22,100.41,387.91,1052.52,3517.7,0,113.12,0,163.09,155.1,147.39,0,135.39,FMO5
209.81,253.74,0,275.58,209.81,253.74,0,0,0,0,0,0,0,0,0,0,0,373.67,0,10733.68,170.1,439.46,255.92,236.17,0,110.35,0,203.36,0,136.3,122.32,0,FMO6
148.49,133.27,132.14,249.75,167.03,133.03,133.95,132.46,153.22,112.22,128.46,162.99,172.62,159.35,129.85,115.09,134.71,188.66,149.01,102.74,241.18,555.23,364.69,138.1,187.66,136.99,236.61,312.5,385.9,245.59,227.34,189.4,FPR1
179.71,173.07,186.85,150.68,160.55,180.15,171.5,174.89,147.13,150.29,194,110.63,210.86,139,205.5,167.7,148.27,212.37,185.2,103.69,200.85,527.78,247.43,166.06,633.93,213.33,171.27,212.93,220.47,180.57,188.76,220.47,FPR3
208.68,167.15,120.16,193.02,156.45,179.58,154.08,165.86,131.64,199.91,146.15,170.38,581.43,134.92,120.51,210.09,118.77,148.58,199.2,139.25,172.26,441.31,283.49,171.4,10024.64,0,174.88,209.42,248.72,238.82,965.22,2968.55,FcERIa
148.68,128.77,142.33,163.34,143.48,129.48,129.13,126.09,137.72,118.79,129.14,127.9,140.45,139.97,110.58,121.4,129.76,133.15,127.78,107.34,183.15,572.13,281.68,123.27,137.03,142.92,155.74,223.53,232.06,173.42,0,175.47,FcMR
125.77,140.47,123.82,317.99,126.65,139.58,135.76,146.11,128.04,341.8,148.28,125.07,201.12,263.63,127.12,0,151.22,139.58,128.9,191.05,139.84,514.93,273.18,134.02,129.25,255.96,150.72,186.38,200.3,166.63,141.53,169.5,GARP
28869.03,1501.05,36314.37,20904.14,24498.69,1307.16,1554.6,1483.07,2022.83,1141.39,1808,1196.41,347.88,2035.05,1969.77,1327.3,2502.42,1196.73,483.85,186.08,943.96,801.11,449.76,2743.77,266.71,2096.42,267.35,203.73,236.02,293.68,10502.27,790.19,GL7
205.6,338.11,388.79,102.64,205.6,341.75,327.57,328.11,140.72,160.69,239.79,317.07,340.8,140.33,772.25,179.42,388.95,312.8,358.97,112.13,245.98,526.11,312.44,263.89,211.3,228.02,360.38,154.99,252.24,283.15,163.51,167.37,GPR56
218.79,158.13,159.37,227.97,235.9,155.9,159,159,158.05,235.86,157.9,159.62,182.79,110.65,0,115.74,187.65,159.03,0,107.86,210.6,500.72,238.5,178.04,201.51,0,113.81,243.08,263.09,219.4,255.21,255.79,Galectin-3
163.75,135.49,0,108.49,147.5,195.97,137.86,137.26,181.58,108.07,140.05,119.75,0,181.58,0,109.36,194.66,878.12,206.58,101.06,148,422.54,236.01,112.13,196.36,246.52,124.6,171.81,184.22,146.98,249.3,144.23,Ganglioside GD2
4891.2,1656.84,3082.74,5591.92,7104.67,1657.97,1655.93,1633.14,1848.06,1257.02,1831.58,1587.55,1652.11,1952.84,1338.41,1424.79,1772.05,1729.6,1718.56,757.67,1800.85,1249.45,631.5,1855.12,1989.51,1078.14,1448.85,3077.3,3761.89,1865.04,1403.29,2094.42,HLA-A-B-C
153.85,176.05,133,172.05,170.16,175.6,172.82,169.96,209.53,185.69,166.44,182.4,156.01,242.84,160.05,124.57,193.56,229.97,164.35,134.97,181.73,701.32,370.59,160.88,217.18,0,151.76,325.73,202.85,329.54,302.6,333.04,HLA-A2
135.15,159.8,129.74,128.78,178.51,156.89,374.75,382.42,106,0,390.09,0,143.61,106,0,130.04,162.72,455.65,143.24,7576.58,163.83,728.87,299.44,115.22,140.3,246.74,116.49,200.15,203.06,166.58,165.87,162.68,HLA-DM
562.11,156.46,773.77,404.99,403.98,156.46,154.86,129.28,168.3,145.01,117.96,130.72,123.94,168.3,189.82,143.89,300.67,150.81,177.36,695.78,147.3,693.75,312.22,229.73,146.29,215.37,225.47,277.93,258.15,371.85,240.15,336.97,HLA-DQ
321.8,330.49,274.2,377.28,380.64,283.26,311.12,310.28,317.49,318.66,361.54,257.82,268.13,319.03,308.03,324.16,393.08,260.24,281.56,111.89,454.22,681.87,377.61,576.5,447.03,337.23,454.71,1025.4,1402.07,617.41,308.72,636.43,HLA-E
139.74,143.48,118.78,164.24,169.76,142.22,143.48,142.12,143.41,110.14,131.92,170.94,204.58,146.17,130.89,116.95,136.88,202.36,139.84,100.29,257.61,425.43,269.05,135.88,153.03,150.73,140.15,181.39,208.05,181.92,156.85,173.06,HM74A
155.92,160.4,442.85,138.38,0,157.59,161.52,161,236.01,124.78,161.73,161,143.49,213.04,294.03,127.27,191.6,156.66,182.64,9127.7,117.08,432.45,221.3,183.14,0,0,0,144.88,148.93,147.15,0,132.61,HPC
123.98,138.45,147.34,120.98,114.68,150.94,124.62,123.68,0,117.14,140.27,123.68,115.01,0,0,170.38,0,142.09,351.76,111.14,177.61,561.2,255.55,184.63,106.42,117.71,191,176.14,180.1,154.33,0,174.68,Histamine H1 R
167.89,335.65,0,167.89,0,0,335.65,335.65,0,0,470.67,0,200.64,0,0,0,0,0,0,6939.5,154.84,665.75,516.08,0,0,132.69,0,192.28,178.87,151.6,0,127.54,IgA
191.11,174.75,168.01,163.14,112.51,178.33,166.85,156.25,804.92,173.16,148.05,149.5,249.76,637.41,1086.73,120.64,166.57,205.77,194.78,137.95,180.23,642.21,348.06,177.91,3653.6,113.59,171.71,206.21,0,222.9,401.48,755.93,IgE
568.51,208.34,0,4284.92,0,165.96,208.34,213.63,93.22,185,221.82,0,1007.63,93.22,0,125.9,204.68,127.41,362.83,138.53,171.98,668.7,381.26,168.25,228.8,416.51,162.48,321.56,244.63,190.96,259.83,176.31,IgG
209.53,160.96,0,239,143.34,125.98,161.18,160.96,205.31,0,119.21,0,210.88,0,205.31,125.98,0,0,0,157.88,115.97,947.92,405.83,161.56,0,0,0,165.39,183.41,145.35,219.42,186.87,IgK
171.83,136.69,176.67,175.58,171.83,145.77,128.62,129.77,108.47,123.98,132.61,130.92,173.87,108.47,0,120.14,126.02,136.69,216.49,273.46,134.67,474.62,219.01,115.04,104.48,118.73,127.42,161.74,201.62,150.85,171.94,208.07,IgL
188.17,128.01,160.19,207.47,432.6,141.33,122.59,122.59,135.67,120.04,123.63,123.08,0,135.67,0,141.33,0,4740.55,136.41,8496.73,123.7,548.93,208.79,99.02,0,119.77,108.97,163.34,183.21,143.36,0,141.64,IgM
577.41,560.98,546.73,599.8,993.47,565.95,560.38,564.69,512.81,284.35,868.16,1133.11,574.4,639.15,324.99,421.62,1334.43,1007.28,688.76,151.96,603.78,831.91,331.26,536.33,425.56,300.37,324.72,176.51,690.38,189.85,235.46,436.09,Integrin B7
240.74,134.22,0,235.81,661.46,118.77,138.9,139.81,109.77,139.81,126.75,0,0,109.77,0,105.1,118.77,131.81,117.26,103.92,191.88,469.54,563.19,150.71,182.44,0,130.31,179.49,178.13,169.07,151.3,169.36,Integrin a9b1
161.76,137.36,147.89,168.17,255.34,122.77,142.61,157.14,141.51,121.37,164.25,158.95,127.07,176.95,98.35,129.63,156.92,167.17,108.41,103.53,180.58,493.63,238.08,141.23,130.48,132.95,134.85,207.64,208.87,188.46,138.7,186.4,Integrin b5
228.78,197.46,198.28,1076.92,171.17,198.62,193.53,193.79,114.2,138.64,177.95,188.16,207.46,114.2,0,135.7,171.81,196.89,202.57,103.57,227.06,496.03,243.53,239.62,0,184.11,186.4,196.98,213.6,164.3,107.45,164.22,KLRG1
173.48,157.3,199.15,0,163.24,166.56,152.99,148.68,134.57,143.27,144.38,180.53,0,119.8,268.89,178.15,234.62,150.06,164.18,325.08,194.12,456.07,262.04,187.41,120.37,194.64,249.83,203.51,233.16,177.34,127.66,155.81,LAP
285.21,175.35,317.86,2228.89,194.1,176.71,170.22,174.09,175.67,157.68,145.18,165.07,209.28,175.67,251.78,175.33,180.62,199.96,190.89,103.31,387.59,468.89,258.01,194.79,431.57,153.16,164.1,450.37,587.11,257.68,230.85,351.66,LTBR
172.09,131.27,173.84,194.97,164.66,126.53,132.53,132.06,127.73,93.24,131.15,129.2,168.53,126.31,206.89,111.18,186.79,118.35,159.87,165.77,193.74,628.5,291.94,131.92,122.6,151.47,126.95,233.46,251.41,178.68,142.68,170.63,MAIR-II
210.37,142.01,211.48,258.79,173.1,141.54,142.64,143.28,142.01,155.93,143.28,108.87,175.93,142.01,0,140.34,244.33,132.02,140.92,245.25,157.12,439.2,235.78,108.95,236.39,128.27,137.84,161.78,170.3,138.1,0,153.25,MICA-MICB
891.87,996.54,1154.61,772.97,546.56,731.09,1159.19,1137.05,1321.88,1165.8,1355.49,871.58,524.02,1330.79,1262.11,1626.61,1353.82,589.56,553.33,202.81,711.86,1004.71,2070.19,1593.92,1592.58,703.87,1279.33,778.57,1000.59,602.88,4564.53,847.25,MSC - NPC
204.76,139.36,938.06,204.76,0,139.36,134.55,154.43,114.68,0,201.88,109.74,0,114.68,0,0,134.19,144.53,0,106.61,175.91,461.62,231.72,126.34,0,0,0,172.57,178.11,198,207.68,226.19,Ms IgG1 k isotype control
165.11,204.83,155.92,491.3,0,117.63,221.15,183.32,448.49,103.8,204.83,230.23,290.6,448.49,0,0,0,328.17,0,99.12,158.2,470.03,242.2,258.44,0,173.76,137.81,187.2,181.42,184.01,196.92,187.63,Ms IgG2a k isotype control
249.55,186.53,2015.54,224.08,249.55,244,121.52,123.61,119.44,0,291.17,0,123.61,119.44,0,0,175.96,212.04,0,101.61,163.85,491.82,239.54,225.27,643.29,157.46,293.66,183.37,213.09,175.46,0,165.36,Ms IgG2b k isotype control
193.4,187.67,170.3,209.08,227.95,199.92,177.73,178.86,161.98,148.55,193.84,169.32,219.83,153.41,633.27,214.02,274.89,184.94,168.09,115.33,419.8,475.51,240.42,153.78,158.52,173.74,196.47,1402.84,1697.69,443.94,212.88,396.97,Ms IgG3 k isotype control
270.05,131.01,0,446.14,327.02,133.97,124.06,124.7,109.07,131.9,0,124.7,133.19,123.42,94.71,118,0,133.71,136.78,4606.93,117.94,547.68,234.1,120.32,0,117.58,131.78,162.68,160.37,151.63,755.55,160.39,Ms IgM k isotype control
137.73,205.59,108.69,152.81,334.45,207.28,157.94,158.35,118.48,134.77,127.71,150.77,175.71,189.18,104.27,152.63,233.38,195.77,218.48,102.38,284.58,480.81,238.01,209.09,220.85,1156.64,809.83,186.18,219.48,213.32,122.62,149.13,NKp80
423.56,187.57,432.38,617.66,229.46,273.04,130.98,179.9,110.81,228.83,130.98,0,0,104.83,187.57,0,340.42,0,205.65,196.36,321.64,496.28,251.75,159.41,144.99,117.45,289.48,176,167.58,150.24,0,156.67,Notch 1
440.06,155.45,0,132.74,747.38,357.48,154.09,154.09,0,161.69,154.09,0,139.88,0,0,282.51,432.46,0,0,443.92,127.61,475.7,255.72,280.39,177.59,169.54,774.35,188.43,205.89,157.09,224.07,161.97,Notch 2
153.16,176.68,0,139.81,156.33,248.85,176.68,165.88,182.46,117.75,436.06,165.88,119.72,121.85,243.08,0,0,0,248.85,123.03,111.55,691.54,2578.64,136.6,207.78,102.36,221.12,166,181.76,148.36,0,165.36,Notch 3
289.79,150.29,235.09,289.79,0,563.02,145.88,142.75,160.68,0,131.37,0,0,160.68,0,974.47,0,0,151.58,104.71,152.9,835.12,246.69,240.43,0,123.44,124.08,164.53,174.67,154.79,268.58,153.35,Notch 4
166.33,149.03,159.41,161.73,233.39,144.26,177.87,198.62,126.11,229.99,202.43,125.15,210.07,127.45,116.58,152.28,163.98,137.47,144.17,130.08,142,463.33,234.62,133.29,124.57,163.76,128.63,178.39,208.43,165.62,138.46,160.69,PAR1
161.96,191.65,118.21,156.61,178.08,177.03,193.69,185.68,233.51,139.4,184.37,190.57,169.43,233.87,198.34,164.26,183.1,175.69,183.44,97.23,222.88,454.46,237.46,198.17,168.04,244.94,1126.08,180.68,194.24,158.29,0,181.19,PI-16
146.16,130.13,226.5,149.22,139.34,127.61,127.36,124.79,132.21,116.98,124.49,147.67,184.37,139.46,113.66,115.64,126.84,155.85,124.35,106.92,167.75,438.86,271.18,121.03,171.56,150.71,168.49,177.17,183.68,182.19,1013.91,205.74,PTK7
158.42,153.32,167.53,154.91,165.74,414.85,145.6,144.36,165.88,584.99,134.6,95.7,248.15,150.93,165.88,0,636.25,0,193.46,105.17,172.97,458.85,224.71,110.95,0,200.35,170.22,178.53,191.23,167.21,163.01,151,ROR1
196.71,147.24,139.93,196.71,245.99,129.36,154.22,154.22,183.2,279.12,123.88,0,225.09,183.2,0,0,118.72,236.01,0,98.54,173.36,471.41,238.93,159.04,0,123.83,106.46,184.26,195.54,161.68,0,160.36,Rat IgG1 k isotype control
176.71,151.33,147.11,392.13,226.18,141.07,164.15,144.46,326.43,0,129.78,193.69,164.13,326.43,0,0,177.81,112.8,160.75,99.74,196.82,466.45,242.26,334.89,180.54,124.76,135.54,188.69,213.69,163.62,114.95,163.58,Rat IgG2a k isotype control
161.86,220.36,120.75,136.24,218.08,197.36,331.85,331.85,1176.58,145.19,1295.48,110.99,128.14,1176.58,0,2395.08,195.62,179.17,192.31,103.76,180.9,496.49,240.86,152.65,124.24,761.51,576.25,188.1,206.74,163.65,116.43,154.81,Rat IgG2b k isotype control
140.18,198.38,141,139.25,145.7,223.03,168.25,197.51,132.94,0,200.81,197.51,185.16,127.35,273.2,289.14,227.29,249.18,124.9,1024.33,259.45,1215.84,373.75,222.06,218.9,110.19,411.55,159.3,178.44,157.2,0,273.19,Rat IgM k isotype control
159.03,143.9,167.84,157.57,159.56,143.9,142.58,142.58,198.29,1337.07,141.92,120.81,0,108.05,0,177.3,169.74,126.65,0,100.67,148.85,447.15,240.44,106.98,108.37,193.59,115.85,199.28,202.58,160.84,0,168.94,S1P1 - EDG1
356.88,274.32,356.88,942.42,145.5,274.32,989.17,989.17,0,1305.61,147.53,0,0,0,0,0,274.32,0,0,4593.72,116.67,1100.29,229.67,107.38,134.98,299.06,118.32,162.23,188.87,147.94,0,169.76,SSEA-3
283.79,160.51,0,269.26,201.23,887.93,153.65,136.27,859.51,132.05,135.2,160.51,0,859.51,0,1679.37,0,96.5,0,11456.64,328.61,667.26,2207.52,0,0,149.81,115.28,141.27,158.67,147.17,109.5,154.15,SSEA-4
127.84,125.09,117.86,237.41,133.77,129.43,123.34,122.77,130.19,119.54,121.17,139.2,122.78,132.2,116.66,114.05,120.3,165.56,167.09,98.06,165.24,1105.49,262.97,118.53,127.56,113.61,144.33,187.64,204.35,164.04,204.96,134,Siglec-8
373.68,1112.99,270.03,491.42,0,607.61,724.47,756.59,178.47,0,1053.17,673.95,151.38,172.87,184.07,505.08,0,1125.39,355,111.63,2732.88,437.55,222.9,597.04,340.64,0,174.83,170.7,181.3,191.73,0,157.26,TCR Va24-Ja18
146.84,1348.67,145.05,136.23,175.02,1382.44,1221.74,1216.93,1250.48,2243.27,1121.31,816.67,180.81,1139.77,1566.08,796.41,1030.94,1894.35,921.63,96.2,7291.83,421.72,312.04,741.27,2181.66,0,1332.57,174.12,209.8,175.25,0,0,TCR Va72
0,896.45,0,0,0,935.29,856.09,856.09,1150.62,1127.59,917.85,599.97,1676.7,1278.13,806.66,856.75,943.55,1384.41,433.31,92.36,1141.06,431.95,258.65,611.49,146.19,129.21,0,177.79,190.77,158.59,162.39,113,TCR Vb132
150.72,271.14,151.26,159.03,133.23,262.34,347.62,367.18,271.24,231.63,504.61,989.27,156.19,271.24,435.42,274.14,210.93,256.46,240.01,136.7,202.42,468.35,283.99,265.73,116.92,122.85,245.03,182.64,209.53,174.12,233.85,165.99,TCR Vb23
173.5,398.98,173.57,179.07,173.82,453.57,372.24,364.43,479.06,338.62,376.17,387.34,275.96,475.08,456.61,554.94,347.62,292.41,238.41,102.71,12086.48,487.14,309.11,766.43,162.18,134.04,134.7,181.59,199.8,1532.84,1171.63,238.3,TCR Vb8
184.43,1894.59,127.93,0,196.02,1831.01,2077.95,2088.66,1762.76,3230.26,2151.52,1281.04,2054.07,1755.49,2179.04,1343.46,1631.82,2222.92,1662.2,93.4,3199.65,478.94,291.25,1247.14,0,122.68,0,183.98,201.41,151.19,0,137.45,TCR Vb9
201.7,6201.67,197.24,322.87,199.86,462.06,198.69,193.09,268.89,183.88,215.94,174.24,210.73,300.4,243.01,159.56,145.66,7536.46,315.69,109.23,11697.8,444,249.86,134.34,118.06,146.8,145.37,186.11,233.06,155.1,335.65,254.64,TCR Vd2
165.81,580.96,124.79,200.81,196.97,623.32,131.02,130.04,131.57,122.16,126,167.95,653.02,132.17,108.19,113.61,333.66,641.54,654.02,102.92,878.32,450.38,258.82,121.27,129.73,196.62,131.25,161.91,175.44,158.19,200.04,152.23,TCR Vg9
249.46,179.65,185.32,295.17,279.56,202.72,174.8,174.72,174.4,166.36,173.28,189.98,279.26,179.09,157.72,171.22,158.2,222.39,259.71,137.14,228.13,837.82,275.09,213.59,119.58,925.38,144.21,153.62,140.63,183.46,253.96,164.66,TCR a-b
364.05,297.95,300.2,1221.73,463.13,296.79,190.23,219.36,169.28,227.08,170.61,454.76,687.57,169.28,0,331.4,896.37,278.38,289.54,96.67,281.62,452.12,243.57,257.49,0,138.72,470.34,173.58,198.55,164.99,261.22,159.66,TCR g-d
326.84,158.14,197,635.52,156.29,167.22,148.38,158.14,135,383.19,158.14,0,125.86,135,0,167.22,0,0,0,206.2,204.38,551.58,349.9,367.89,166.44,173.81,188.73,267.99,292.29,202.39,901.38,426.33,TGF-b1
144.15,133.41,143.55,147.75,158.84,136.12,131.73,131.85,128.1,117.44,135,170.02,236.7,136.86,122.15,134.28,134.77,164.31,131.89,138.51,264.61,683.3,399.43,180.89,198.17,188.49,167.07,350.01,233.02,289.6,501.73,460.78,TLT-2
224.51,156.95,216.82,243.2,203.87,153.94,165.23,158.66,156.55,144.18,152.48,182.35,184.49,156.55,0,175.62,0,119.59,171.01,120.03,531.45,566.44,372.63,271.05,336.07,213.62,1132.17,283.63,238.87,274.48,238.47,225.58,TNAP
166.33,413.28,334.42,140.34,112.94,293.58,534.45,291.38,614.96,3938.84,5044.62,166.79,188.32,614.96,0,622.9,0,203.61,372.6,256.31,235.2,683.15,285.48,1134.42,0,142.32,137.6,173.25,174.39,146.29,157.91,165.47,TNF-a
338.31,124.66,106.46,327.78,451.28,154.93,110.67,124.66,96.68,0,124.66,0,0,96.68,0,185.24,0,124.63,0,7454.78,184.76,494.77,795.51,0,0,0,0,129.67,0,139.33,110.31,165.83,TRA-1-60
153.24,289.38,0,511.38,135.53,337.06,241.7,199.5,1206.77,241.7,0,157.3,0,0,1206.77,337.06,0,0,0,10672.01,150.78,444.75,354.42,88.99,199.24,689.27,0,141.21,0,142.83,0,0,TRA-1-81
423.76,296.35,332.41,441.49,595.14,282.83,309.07,299.79,398.2,208.57,326.62,336.46,305.11,471.5,225.27,229.75,279.11,309.4,291.08,325.61,330.92,1457.45,1104.31,344.64,1990.75,554.84,449.58,2605.56,2634.58,2204.35,625.23,1789.89,TRA-1-85
241.18,140.87,234.57,247.24,240.49,142.4,134.89,137.4,110.47,125.87,146.97,133.39,164.33,180.08,102.91,154.56,140.03,147.74,146.08,114.31,196.8,467.43,507.2,196.89,231.27,0,218.31,189.51,245.28,165.78,311.79,266.01,TRA-2-49
180.96,138.39,158.43,212.87,196.23,137.59,138.74,138.23,146.27,124.42,143.21,145.01,192.03,149.51,130.13,137.75,140.12,135.53,137.32,97.41,201.05,551.01,386.77,143.13,182.7,124.27,121.45,181.97,206.44,239.89,154.27,209.32,TRA-2-54
117.98,125.17,114.81,176.49,124.69,127.49,123.64,121.03,145.49,111.23,122.99,136.03,122.56,158.85,124.24,122.13,131.73,155.06,124.42,94.2,297.96,509.1,264.45,149.55,273.97,119.72,126.46,181.99,213.66,291.31,225.58,242.95,TSLPR
221.62,143.03,623.35,185.82,200.09,148.63,139.33,149.58,134.53,0,139.39,0,157.39,134.87,134.19,103.17,347.81,148.63,133.12,115.15,365.39,434.26,247.5,161.09,0,130.87,164.56,252.85,293.07,195.09,236.71,287.46,Tim-3
141.64,159.86,351.37,135.86,126.28,162.86,146.88,156.74,124.56,178.57,143.96,174.18,254.11,126.26,122.79,132.82,118.44,175.81,158.07,111.44,282.43,501.54,292.75,243.15,469.4,114.74,398.27,196.74,324.26,168.62,170.03,157.94,VEGFR-3
